PM2.5,PM10,Temperature,Humidity,CO,NO2,AQI
96.76,165.63,22.47,54.98,7.33,22.93,178.0
237.93,431.94,21.66,67.34,1.93,18.51,417.0
184.34,425.99,18.52,58.13,3.53,94.59,362.0
151.67,249.05,27.15,34.17,6.67,145.26,274.0
43.22,100.74,24.53,39.28,4.87,80.38,105.0
43.22,56.81,32.31,40.97,7.41,17.21,112.0
19.23,42.5,15.64,42.89,9.62,40.97,66.0
217.21,499.98,27.88,58.27,1.25,44.27,427.0
152.27,218.72,30.26,55.2,7.12,57.3,286.0
178.48,314.02,30.19,40.16,2.38,16.1,282.0
10.04,14.21,32.72,33.38,4.2,136.68,73.0
242.63,514.03,29.58,38.57,0.43,82.18,408.0
208.95,396.16,33.56,79.22,1.45,103.93,427.0
57.02,115.52,21.65,53.43,3.27,19.4,120.0
49.55,72.11,25.06,73.37,3.49,17.58,99.0
49.93,73.67,15.28,72.44,9.01,92.11,139.0
79.54,99.74,15.14,55.58,7.44,134.22,173.0
133.57,216.2,19.8,65.33,9.72,83.99,257.0
110.83,213.64,17.02,39.64,6.03,132.89,200.0
76.35,176.78,20.2,64.42,2.49,123.54,188.0
154.9,320.19,18.54,43.62,3.34,20.62,254.0
39.18,69.19,15.57,71.6,3.27,38.27,76.0
76.58,186.77,33.19,34.19,3.33,102.08,163.0
94.76,202.31,15.16,68.66,6.76,72.09,197.0
116.74,281.24,29.72,35.0,5.35,50.7,228.0
197.37,372.21,18.04,74.06,3.92,68.61,357.0
53.92,82.85,33.24,45.21,1.58,72.33,105.0
130.99,166.18,32.86,62.72,0.32,137.48,233.0
150.14,321.89,28.08,54.38,2.27,24.48,271.0
16.38,22.24,28.44,48.32,1.16,49.16,38.0
153.85,245.17,15.11,62.27,7.88,85.26,245.0
46.78,88.51,34.7,77.38,1.21,107.76,127.0
20.94,40.49,32.56,32.06,7.27,98.29,99.0
237.48,470.38,32.9,75.94,3.92,141.83,500.0
241.58,342.11,28.18,60.45,0.83,121.39,394.0
203.06,343.91,21.9,70.37,8.15,87.99,376.0
79.63,159.45,32.87,49.19,5.84,40.06,185.0
28.93,71.19,20.83,53.59,2.43,73.12,78.0
172.64,370.47,26.25,73.44,8.96,107.07,403.0
112.84,270.74,16.99,50.74,0.55,127.31,210.0
34.9,76.46,33.44,56.73,2.1,144.36,123.0
126.32,248.75,17.82,31.01,7.55,94.76,220.0
13.43,19.46,19.5,37.93,7.12,83.77,56.0
227.78,470.76,26.16,62.08,2.96,12.48,417.0
68.4,137.51,30.28,65.85,0.71,20.09,130.0
167.32,331.83,27.39,59.13,8.59,31.85,340.0
81.37,149.45,19.64,37.17,3.21,17.67,124.0
132.42,249.9,15.02,52.27,2.04,66.12,202.0
138.94,227.14,30.14,47.75,5.21,57.16,251.0
50.29,94.3,34.7,54.78,9.11,99.23,162.0
242.55,353.35,31.2,73.52,0.53,84.99,432.0
194.91,437.9,24.2,68.79,7.68,93.44,417.0
235.18,339.01,33.08,34.2,5.77,76.08,346.0
224.23,293.85,23.2,74.52,4.31,48.88,358.0
151.49,267.69,25.5,53.59,7.47,143.4,285.0
230.86,474.6,24.54,67.19,9.66,22.1,466.0
26.68,47.2,23.95,37.0,2.37,141.44,58.0
53.02,82.69,30.5,63.54,1.52,53.57,96.0
16.08,30.97,25.54,41.82,9.14,81.77,81.0
84.71,139.86,21.33,51.92,6.72,25.24,173.0
100.23,241.82,20.16,30.84,4.44,19.93,164.0
71.48,171.51,15.75,37.58,5.78,70.14,144.0
208.04,385.52,26.66,34.6,7.48,113.84,363.0
92.4,150.27,19.6,41.99,7.75,47.71,180.0
73.83,159.34,17.96,35.0,9.21,88.73,168.0
137.96,172.14,28.08,64.6,4.33,49.01,244.0
39.53,71.83,28.62,31.45,3.0,64.41,92.0
201.54,329.96,30.04,60.89,6.43,136.9,379.0
23.26,55.76,25.07,37.04,4.22,129.82,86.0
246.79,300.0,32.88,77.26,5.99,82.24,454.0
194.2,372.6,33.73,76.65,4.26,43.33,402.0
53.69,116.11,31.15,41.28,1.61,37.05,101.0
6.35,11.63,27.71,60.72,4.75,143.57,59.0
204.79,268.48,21.07,31.4,6.94,38.38,281.0
178.18,439.07,34.66,76.59,8.01,123.14,475.0
183.61,343.97,20.48,56.15,4.98,61.66,313.0
193.96,387.62,19.05,32.16,1.74,147.99,286.0
23.14,34.89,23.84,47.12,4.21,61.54,63.0
92.82,169.73,16.14,33.84,7.88,59.21,156.0
33.39,58.69,34.57,49.65,4.19,99.24,102.0
216.46,280.83,26.77,63.5,7.0,144.61,368.0
157.71,211.01,26.14,53.49,5.12,146.67,275.0
86.07,196.99,28.12,49.19,2.49,109.01,182.0
20.57,31.1,24.94,35.96,7.98,115.64,73.0
81.19,118.01,15.64,42.25,0.93,88.88,104.0
84.67,157.18,27.25,35.01,5.3,115.81,159.0
183.75,404.14,29.32,70.37,2.17,130.37,395.0
161.2,206.42,23.33,36.76,0.76,78.05,213.0
222.37,433.58,30.15,59.77,5.08,96.78,439.0
120.69,163.54,19.54,47.14,5.05,85.22,193.0
34.3,42.79,19.43,41.3,7.1,88.75,81.0
179.74,228.02,18.23,61.97,7.47,134.61,306.0
191.39,437.22,22.44,52.85,7.31,59.79,368.0
142.51,192.87,31.94,50.01,4.15,39.15,240.0
193.89,244.04,31.56,59.64,6.35,73.88,333.0
125.98,222.89,22.66,54.56,5.81,39.13,230.0
133.07,305.69,26.78,45.17,4.27,79.78,262.0
109.75,169.14,29.42,57.95,6.01,136.49,235.0
11.23,19.63,19.82,63.47,9.48,96.44,84.0
31.43,39.35,18.36,31.33,2.01,129.76,73.0
12.7,22.65,34.44,53.29,9.07,33.27,71.0
160.92,313.94,27.35,32.88,0.63,136.12,249.0
82.02,159.29,34.63,39.32,3.15,94.25,160.0
129.6,211.53,21.76,58.03,2.95,14.45,218.0
227.35,366.08,29.06,73.31,6.3,98.64,439.0
66.08,88.45,19.45,74.14,1.4,143.2,132.0
105.54,176.98,20.22,33.5,8.84,21.08,167.0
190.11,252.72,25.24,50.96,8.3,91.54,316.0
61.06,134.11,21.39,59.15,6.56,138.17,154.0
23.86,58.6,18.35,37.35,4.64,11.36,51.0
75.99,187.02,20.26,68.27,9.34,98.33,206.0
44.5,103.44,15.71,67.21,8.32,76.49,136.0
232.78,461.14,29.09,75.17,5.04,58.58,483.0
202.99,428.54,24.84,30.42,7.05,97.86,356.0
160.18,251.61,16.88,40.83,5.71,17.38,213.0
218.51,441.39,18.43,71.36,5.92,115.43,418.0
201.9,361.87,17.05,63.53,3.38,10.63,318.0
50.71,92.63,27.25,74.72,4.67,52.97,113.0
223.68,488.76,16.88,32.86,0.87,80.55,332.0
137.14,214.83,30.09,59.85,3.64,62.78,247.0
202.82,327.24,15.41,58.45,6.99,53.05,324.0
224.54,539.36,19.99,31.78,9.54,126.32,405.0
82.91,105.55,32.81,55.68,9.63,140.88,200.0
31.96,58.53,29.37,60.48,5.6,132.32,123.0
60.84,145.21,16.46,39.56,6.11,83.14,111.0
109.64,218.57,31.42,43.67,1.94,133.78,217.0
205.41,392.41,24.86,62.02,6.98,138.92,389.0
215.88,329.14,31.94,53.42,0.8,67.29,341.0
6.7,11.04,27.01,72.9,2.92,49.68,44.0
130.13,300.3,28.64,47.12,6.72,23.76,255.0
107.27,206.7,34.87,43.33,3.17,77.07,198.0
59.42,111.06,19.65,79.24,0.59,142.48,158.0
34.37,45.69,27.48,75.56,8.34,88.53,108.0
87.72,107.09,24.21,31.45,3.17,103.46,151.0
236.01,578.89,15.79,68.54,0.72,25.8,424.0
84.18,142.28,15.29,35.52,0.84,30.09,107.0
132.1,262.12,17.38,31.37,2.59,75.03,205.0
177.24,231.05,27.98,43.68,1.86,143.18,285.0
94.09,196.46,26.34,43.47,7.77,60.51,189.0
243.09,586.41,26.07,70.97,3.28,132.85,500.0
240.8,469.17,15.64,65.53,8.07,26.84,425.0
66.69,90.96,24.39,79.08,1.82,96.38,137.0
126.83,248.1,33.49,65.58,4.98,94.09,297.0
78.72,172.88,22.95,50.91,6.91,130.38,195.0
74.79,129.26,27.5,64.95,6.55,10.46,179.0
14.04,32.9,30.6,79.97,6.05,36.59,77.0
154.34,315.37,30.68,65.51,9.26,40.76,348.0
128.16,303.61,25.39,68.08,2.36,143.0,293.0
17.61,35.41,32.16,76.92,4.99,31.52,71.0
73.27,100.43,22.83,35.68,8.85,15.17,141.0
227.53,364.63,32.77,65.24,0.87,84.82,407.0
63.69,93.14,19.8,72.54,0.65,84.0,122.0
40.5,96.45,20.6,77.72,2.41,128.17,128.0
124.92,273.38,16.06,40.55,6.37,142.84,238.0
246.48,512.52,30.91,55.2,2.67,85.4,475.0
64.3,102.32,23.34,64.03,1.98,140.2,127.0
169.67,244.2,19.58,42.37,4.64,111.52,248.0
191.6,418.33,19.64,60.02,6.17,47.04,367.0
63.22,114.84,33.03,42.88,2.56,139.98,157.0
183.41,273.93,31.68,46.67,3.08,103.44,287.0
95.11,190.37,26.07,52.08,6.17,67.97,195.0
159.91,200.28,27.32,56.46,9.46,105.23,292.0
160.21,260.19,24.49,52.47,6.78,66.18,273.0
136.26,246.52,22.83,54.66,7.85,25.99,244.0
27.12,37.76,33.31,44.93,3.73,110.66,87.0
209.65,519.94,17.51,37.95,2.8,125.37,376.0
83.59,123.03,23.37,32.37,4.6,112.03,125.0
50.7,69.43,21.89,39.8,8.09,42.08,106.0
14.99,21.95,24.96,59.1,4.62,143.93,81.0
149.77,329.46,24.15,69.31,8.48,13.54,330.0
171.0,299.8,25.38,38.46,9.89,56.58,303.0
9.06,17.54,17.8,35.43,0.81,46.41,41.0
130.46,160.12,25.26,67.46,0.55,16.74,191.0
60.49,75.3,19.85,45.26,1.58,66.8,106.0
163.07,290.19,18.69,77.57,3.91,97.24,298.0
47.72,107.93,16.3,65.72,1.4,133.56,114.0
174.28,409.7,30.25,46.34,8.72,148.56,377.0
99.75,130.94,23.55,44.48,0.33,123.13,161.0
234.5,445.52,27.53,56.18,3.23,75.62,419.0
38.69,92.37,29.55,33.96,1.93,111.32,100.0
88.56,150.94,28.59,35.88,9.32,128.11,193.0
32.8,74.73,24.41,38.79,6.73,75.14,104.0
231.55,318.1,22.76,68.74,9.13,119.91,413.0
219.95,531.4,22.52,55.69,9.73,77.57,444.0
68.2,148.45,27.8,30.53,5.02,64.11,132.0
166.7,404.03,24.9,63.68,2.42,83.65,345.0
205.22,426.77,31.98,51.18,2.02,104.62,400.0
141.02,235.85,32.49,55.54,2.31,111.76,285.0
134.76,326.08,18.41,40.71,7.12,59.94,258.0
64.25,100.12,17.72,57.59,0.5,89.98,118.0
27.81,45.38,27.61,78.96,0.61,137.38,67.0
224.82,474.6,21.02,33.67,6.12,146.68,399.0
225.6,495.18,15.37,44.2,6.46,41.81,374.0
160.11,385.58,32.77,42.15,6.69,37.0,334.0
88.06,129.12,19.54,42.43,3.78,104.74,146.0
90.56,202.61,33.59,48.94,8.08,68.06,213.0
182.86,395.0,29.35,70.91,5.38,13.39,377.0
224.79,288.39,30.25,75.64,1.14,58.56,390.0
222.34,378.73,19.03,40.11,7.99,122.94,342.0
196.07,307.36,19.68,57.15,9.54,121.64,335.0
162.3,259.0,25.43,61.84,0.69,79.26,262.0
25.61,63.47,18.44,56.09,3.97,76.16,66.0
44.6,90.79,21.11,51.7,4.93,91.13,111.0
225.15,480.23,21.43,39.6,1.55,40.72,366.0
153.58,379.27,18.19,54.41,8.69,83.65,313.0
7.25,12.26,19.1,50.06,2.91,11.55,12.0
29.86,66.96,30.77,69.78,7.85,76.58,125.0
167.56,295.72,18.34,68.18,6.74,57.05,302.0
6.24,14.54,15.57,36.7,6.02,104.48,62.0
44.4,63.7,27.59,34.43,2.0,99.37,81.0
139.44,339.12,34.52,75.41,2.28,63.32,332.0
174.51,259.05,21.62,56.78,0.57,11.02,247.0
164.73,267.54,17.37,72.89,2.48,45.32,269.0
59.95,130.87,26.41,32.91,3.52,98.67,124.0
179.48,307.26,33.13,56.33,8.35,20.13,343.0
63.13,125.66,30.68,56.97,3.73,25.07,118.0
84.72,150.63,27.45,73.04,7.57,100.58,207.0
187.89,406.8,21.3,34.88,4.45,115.81,326.0
164.16,245.72,25.84,42.02,7.87,55.02,280.0
213.06,271.86,16.82,50.33,9.77,78.55,311.0
166.12,264.11,28.58,73.29,2.47,142.4,336.0
144.24,262.02,29.5,76.94,8.64,142.38,346.0
27.95,39.65,34.3,79.64,6.26,53.05,87.0
95.09,157.97,20.21,77.96,8.19,123.4,206.0
69.97,120.35,15.37,30.3,6.55,93.15,139.0
64.78,82.57,25.91,32.39,4.3,146.57,121.0
243.39,476.63,29.14,37.38,2.36,76.87,390.0
101.31,238.04,30.81,47.44,0.79,118.46,190.0
223.55,312.36,18.87,71.5,5.4,117.54,364.0
159.63,315.61,20.24,74.63,9.9,79.64,346.0
199.73,412.27,25.25,39.34,7.41,121.39,359.0
128.15,223.63,21.61,60.98,3.34,46.55,212.0
146.34,308.99,32.21,75.87,8.29,27.12,343.0
125.67,217.9,24.48,53.19,7.71,69.52,255.0
52.83,98.06,30.99,35.18,2.89,142.11,108.0
182.0,220.14,26.61,52.89,0.24,80.1,252.0
73.79,154.9,30.46,48.79,1.27,98.94,166.0
10.96,22.57,21.65,58.88,8.79,97.38,87.0
163.14,203.91,31.63,51.93,8.38,28.56,281.0
48.39,81.24,20.49,30.87,3.02,64.64,79.0
235.41,582.11,25.92,79.7,2.92,108.97,500.0
238.71,417.02,19.28,57.18,7.95,146.08,411.0
229.14,424.49,24.51,53.68,9.38,33.52,404.0
95.69,228.02,21.36,77.73,7.81,67.46,231.0
8.79,18.74,20.33,37.79,6.1,23.31,52.0
232.44,454.81,34.34,39.46,2.5,43.93,402.0
109.91,245.87,18.2,70.4,5.3,62.75,235.0
241.83,561.94,30.75,43.04,2.41,85.69,458.0
241.09,432.5,34.68,69.96,8.1,42.28,500.0
213.99,388.95,15.4,43.58,3.93,41.86,308.0
77.14,131.28,28.98,31.66,8.35,118.9,165.0
99.35,244.07,20.06,55.85,3.88,144.77,212.0
213.53,449.76,15.81,39.83,8.26,55.31,333.0
82.65,108.12,23.06,67.89,3.4,106.32,146.0
46.53,108.03,33.7,62.06,4.46,46.13,125.0
141.42,258.05,15.24,76.18,6.19,139.91,265.0
234.36,302.18,26.76,69.15,0.8,104.21,358.0
175.53,336.07,25.03,39.04,9.49,122.37,338.0
144.66,252.05,32.47,70.01,5.78,16.91,296.0
28.81,67.44,16.68,62.09,5.13,93.79,87.0
155.68,228.1,28.63,63.45,8.41,83.87,326.0
247.56,563.06,28.6,71.61,8.67,51.02,500.0
39.32,75.69,28.38,58.69,5.27,46.74,115.0
131.99,167.76,33.85,53.3,9.28,91.2,261.0
219.96,541.84,31.46,61.83,0.74,108.91,479.0
186.49,348.06,15.84,44.9,1.22,14.64,264.0
175.77,277.39,24.42,39.13,6.01,89.44,263.0
177.11,320.61,22.96,60.83,3.61,33.86,305.0
93.08,215.49,21.2,41.69,4.7,29.65,179.0
76.93,122.81,24.03,34.0,3.35,97.24,112.0
203.29,294.87,22.68,30.03,4.11,53.52,294.0
203.48,278.32,23.65,60.42,8.24,71.72,345.0
217.43,345.11,34.59,48.11,5.98,60.4,391.0
228.74,506.45,16.77,67.62,9.97,100.77,443.0
130.28,236.21,33.44,48.76,7.89,75.82,280.0
127.87,191.26,24.6,54.3,2.81,144.88,237.0
200.58,284.03,27.47,50.35,2.72,59.33,310.0
164.24,268.13,31.6,62.53,3.43,113.64,315.0
176.98,428.63,22.21,47.81,8.45,46.02,341.0
199.97,329.14,23.61,78.19,0.37,81.23,346.0
223.05,554.18,23.19,76.81,2.38,87.36,473.0
87.81,160.76,22.49,72.4,9.06,56.08,213.0
97.02,139.02,33.51,76.02,6.43,76.05,213.0
28.03,66.1,31.58,52.46,2.35,49.1,82.0
146.68,263.8,17.18,56.82,2.27,10.84,217.0
13.81,29.3,17.16,67.1,8.64,40.19,71.0
119.07,295.16,23.56,64.81,8.95,108.01,302.0
137.95,174.54,16.97,74.53,2.64,117.93,217.0
75.2,99.7,27.38,65.82,4.26,49.23,151.0
149.75,319.96,17.87,79.89,8.36,67.13,329.0
12.47,19.54,25.45,47.43,7.73,15.23,56.0
14.15,20.37,15.14,71.65,8.16,43.19,80.0
206.54,258.41,21.33,64.88,5.23,119.09,331.0
93.25,114.54,28.54,64.57,9.12,94.84,217.0
36.13,79.73,24.68,46.29,3.33,38.81,101.0
132.95,182.77,34.57,69.28,1.65,46.04,234.0
193.65,350.12,32.48,75.02,7.12,124.35,436.0
57.88,115.04,22.18,40.93,5.44,39.27,112.0
157.61,276.9,15.91,61.27,8.56,56.78,269.0
25.91,32.01,31.91,49.61,0.9,103.01,61.0
17.66,39.18,33.22,79.48,8.45,88.56,98.0
135.18,164.07,31.41,53.94,3.0,74.52,212.0
137.46,301.09,17.56,41.42,6.58,135.96,263.0
161.17,380.57,34.96,49.09,0.5,40.76,314.0
182.89,322.38,20.17,62.69,6.13,113.8,340.0
244.08,462.83,29.48,33.8,7.2,32.27,409.0
131.49,239.33,33.16,60.18,3.75,96.2,290.0
84.12,143.51,19.71,76.56,2.23,131.89,179.0
199.82,470.31,33.17,72.52,5.42,74.11,480.0
71.35,168.55,21.19,33.38,8.35,111.4,170.0
112.55,184.19,34.53,79.67,3.3,124.86,261.0
24.22,48.43,20.63,64.94,2.6,29.04,71.0
11.21,26.96,34.07,38.11,2.86,108.82,64.0
240.85,590.24,16.07,30.62,9.5,138.78,417.0
209.82,390.6,29.19,38.56,3.66,90.69,356.0
175.51,313.94,25.64,71.91,0.14,36.06,311.0
105.19,164.34,24.56,31.08,7.84,27.77,169.0
47.46,116.11,19.47,41.66,7.02,46.36,109.0
43.33,60.04,29.11,67.87,1.37,24.49,94.0
66.31,129.55,18.82,59.31,9.85,81.88,186.0
139.56,218.74,26.06,69.14,6.12,19.76,249.0
180.08,281.41,20.06,67.31,5.06,41.28,293.0
166.75,287.88,34.11,32.53,3.88,71.59,293.0
73.58,183.84,15.57,74.63,9.0,76.35,201.0
238.94,303.8,18.99,41.35,2.52,89.16,315.0
185.78,362.67,19.85,57.67,2.93,108.79,334.0
140.82,184.1,23.28,62.21,1.31,16.61,202.0
154.87,216.96,19.65,38.43,7.62,21.29,229.0
107.8,190.96,24.83,78.81,6.0,18.52,227.0
65.69,122.43,32.45,54.41,6.13,69.24,152.0
92.21,141.68,29.24,32.88,2.26,15.86,141.0
190.67,307.25,26.6,76.86,6.55,114.45,394.0
8.53,11.2,16.78,59.31,7.68,41.22,52.0
33.44,53.31,28.88,64.96,3.64,141.49,107.0
16.27,39.97,18.33,56.26,8.03,78.1,84.0
14.98,36.37,30.73,71.74,3.55,72.49,66.0
214.59,350.92,20.0,31.66,7.61,119.28,329.0
177.4,344.52,23.34,43.42,0.43,109.84,282.0
121.17,288.69,22.01,53.48,5.56,95.02,269.0
28.97,35.0,32.18,33.83,9.7,140.92,118.0
125.45,282.74,17.53,65.3,9.81,69.12,266.0
121.0,294.38,26.31,49.68,2.89,123.19,274.0
47.43,62.55,17.84,43.63,4.47,63.21,90.0
111.29,156.91,29.1,30.17,0.72,127.37,162.0
102.63,251.35,33.1,65.99,8.75,46.33,286.0
155.88,295.99,23.69,71.69,5.73,50.5,313.0
160.6,195.68,24.76,49.75,3.91,104.9,229.0
16.1,24.71,33.55,58.21,1.22,39.78,36.0
96.78,172.75,25.42,41.38,9.47,42.08,197.0
158.34,332.63,24.75,61.11,5.35,52.74,291.0
128.27,276.18,26.57,30.61,2.9,105.05,229.0
214.84,535.82,28.78,54.43,3.57,134.51,459.0
166.38,261.84,17.14,62.21,2.78,104.44,255.0
44.92,85.33,31.42,75.91,6.06,125.89,154.0
22.29,42.2,23.71,49.07,9.31,86.1,97.0
162.39,280.51,16.45,68.26,8.58,19.65,276.0
11.5,16.32,30.72,59.88,4.66,24.07,58.0
148.52,366.94,22.54,76.35,8.28,87.61,367.0
235.36,543.51,17.01,49.92,4.29,55.89,400.0
145.99,269.77,27.68,45.95,2.6,40.88,245.0
100.1,198.62,32.6,74.36,9.84,75.28,277.0
162.61,243.17,32.76,32.46,3.11,103.31,257.0
117.27,223.63,34.15,36.82,3.3,63.9,197.0
138.68,291.7,32.35,34.12,9.9,122.36,303.0
235.66,440.62,15.04,72.16,1.43,113.39,387.0
99.6,247.73,22.6,30.53,7.63,112.89,207.0
240.49,479.72,31.37,73.08,9.36,147.93,500.0
226.81,381.56,22.33,52.56,5.17,51.33,364.0
52.97,116.73,27.03,30.2,0.12,100.26,101.0
21.99,31.27,27.13,50.08,3.81,129.77,82.0
29.69,50.47,22.3,39.34,1.2,91.13,68.0
9.46,15.63,33.09,61.22,4.22,120.53,58.0
28.14,49.56,25.06,63.97,7.92,68.02,102.0
172.34,381.95,24.3,54.38,4.44,92.67,337.0
22.44,41.05,34.95,32.03,4.38,17.79,63.0
83.15,185.61,24.87,62.81,5.61,148.01,214.0
211.99,413.27,18.57,72.1,5.86,122.0,430.0
10.7,17.6,25.26,66.02,8.58,131.63,80.0
204.54,460.83,31.28,71.5,3.15,107.2,463.0
74.05,111.81,30.54,40.03,8.23,36.05,165.0
33.95,50.64,30.77,74.44,5.7,14.34,98.0
175.7,326.07,29.16,46.11,3.08,131.05,313.0
159.09,244.86,20.08,30.67,3.02,65.49,234.0
219.98,266.58,32.24,72.17,3.68,46.94,348.0
185.09,378.1,32.87,77.09,6.26,88.63,420.0
201.85,376.34,18.88,62.78,2.39,68.93,349.0
74.1,131.83,17.61,41.57,9.21,101.23,154.0
48.47,119.1,34.51,42.59,5.79,77.73,154.0
188.9,366.95,32.37,53.33,9.21,107.61,384.0
202.67,470.7,32.86,74.89,0.56,129.48,449.0
247.67,342.11,32.73,37.48,3.49,37.38,358.0
106.09,205.81,25.83,71.3,0.33,56.12,205.0
96.14,223.86,27.93,44.57,2.8,71.15,193.0
195.22,382.25,25.91,70.43,8.63,144.69,419.0
88.5,188.8,16.02,76.01,0.46,61.15,180.0
233.04,392.35,29.91,51.37,4.42,63.35,415.0
215.31,284.25,25.11,48.25,1.26,101.49,306.0
110.1,197.67,27.95,70.11,4.23,68.69,212.0
188.96,323.66,25.05,56.47,8.4,143.17,341.0
189.86,441.85,24.84,64.22,6.27,135.23,416.0
30.27,45.92,18.44,61.14,7.39,81.88,101.0
226.13,555.53,20.57,37.64,3.56,100.27,396.0
128.79,314.96,18.18,72.24,9.45,18.12,289.0
207.48,315.77,18.91,39.79,7.12,107.4,303.0
83.41,137.84,34.46,76.61,4.28,109.01,211.0
224.4,530.54,18.06,42.53,4.32,60.29,398.0
100.35,246.53,20.39,66.69,9.19,40.76,219.0
7.66,13.6,26.81,44.23,5.81,138.11,67.0
226.82,366.83,27.2,45.89,7.09,69.74,368.0
27.37,51.55,18.08,45.5,4.23,101.52,61.0
83.23,174.3,30.87,67.39,2.31,14.67,162.0
237.77,369.85,30.7,57.84,7.26,67.97,430.0
237.9,513.25,19.75,74.15,6.12,124.42,483.0
145.49,184.36,20.77,45.37,5.06,64.26,228.0
159.8,202.0,33.76,64.6,6.28,94.44,302.0
114.87,195.53,31.51,67.65,2.16,39.38,201.0
76.84,127.51,28.96,37.57,7.96,68.31,159.0
85.52,137.72,16.64,50.03,9.49,139.87,168.0
169.77,312.09,23.37,54.14,8.92,89.3,312.0
189.33,306.14,26.19,47.78,3.28,136.27,324.0
198.94,288.45,18.75,46.11,4.12,136.28,298.0
198.46,317.99,23.96,64.32,8.1,142.18,382.0
27.35,67.47,27.02,40.79,5.99,135.35,99.0
126.13,218.77,21.55,65.47,5.52,10.46,235.0
19.1,33.97,30.62,76.75,9.27,140.76,120.0
139.63,272.22,31.81,58.26,5.41,29.24,293.0
113.17,280.49,21.47,60.57,5.2,15.59,239.0
222.49,336.86,31.77,33.45,0.52,17.75,310.0
90.97,189.74,17.07,73.22,0.79,58.85,171.0
33.68,71.77,31.75,44.27,0.17,96.91,79.0
40.03,79.65,18.06,60.75,9.14,66.32,136.0
191.57,251.94,16.66,78.96,4.14,13.58,294.0
156.46,325.43,27.84,59.78,4.74,76.71,318.0
29.78,38.21,24.44,66.24,8.47,71.9,101.0
25.61,50.57,33.16,52.27,6.13,115.96,112.0
176.74,382.01,22.26,33.02,6.13,49.15,305.0
22.83,33.65,20.74,69.88,3.04,40.45,55.0
206.36,473.4,25.01,31.75,8.36,45.83,357.0
178.03,220.66,24.12,65.03,1.74,52.52,257.0
24.93,57.26,21.89,31.15,0.63,93.88,55.0
25.79,46.37,28.87,73.12,2.0,76.01,88.0
246.73,365.86,30.19,37.88,2.75,57.17,362.0
96.7,132.85,32.06,55.71,2.89,62.4,167.0
95.81,233.7,34.46,59.86,6.74,61.93,231.0
204.14,264.25,20.33,52.88,2.26,146.14,314.0
237.08,345.85,29.32,47.04,6.8,42.62,386.0
246.57,407.38,22.89,53.39,1.0,124.53,396.0
189.58,380.35,28.54,45.57,1.56,109.15,347.0
97.18,185.45,24.52,51.91,5.14,10.78,179.0
25.46,34.71,34.88,47.95,9.23,149.04,121.0
195.4,308.08,29.58,58.31,8.61,115.9,392.0
141.81,214.19,34.05,41.9,9.69,105.54,283.0
108.93,160.96,31.7,79.43,6.54,66.75,248.0
227.06,393.83,33.06,55.04,6.79,87.73,442.0
32.24,68.2,31.29,39.71,6.29,45.46,101.0
125.69,186.36,24.18,53.85,6.27,14.97,210.0
7.78,13.05,20.04,73.32,1.56,127.04,47.0
119.82,204.68,22.41,31.09,5.48,135.51,213.0
18.79,46.41,15.4,63.98,3.92,32.75,66.0
34.11,83.27,25.48,57.4,4.48,120.19,123.0
33.79,75.7,25.1,38.48,5.28,113.76,106.0
164.06,248.41,25.51,70.87,1.37,34.97,277.0
187.78,241.95,34.48,48.44,3.66,69.06,299.0
147.93,238.45,33.23,44.69,0.73,69.19,238.0
240.73,372.37,18.23,71.41,9.8,116.39,435.0
96.84,179.91,22.38,61.93,1.27,127.27,181.0
75.0,165.83,23.48,74.91,2.66,23.27,160.0
217.81,504.4,22.21,61.49,8.92,88.82,464.0
59.78,137.4,30.97,67.04,4.88,116.64,185.0
240.99,401.87,25.48,71.82,1.44,120.07,432.0
7.98,16.7,26.44,32.74,3.9,30.72,33.0
242.62,389.81,32.06,68.8,1.25,83.57,436.0
15.57,19.92,31.12,60.69,2.08,130.06,72.0
223.33,471.68,17.64,33.48,0.62,54.59,324.0
134.29,162.86,29.28,55.43,4.44,69.52,218.0
248.28,430.0,23.71,34.12,8.09,122.61,408.0
23.08,37.58,20.89,66.8,5.9,22.5,72.0
140.69,295.65,16.0,57.33,6.1,130.33,265.0
242.48,532.51,24.74,77.68,2.09,53.56,491.0
133.16,212.43,22.11,39.16,3.5,10.2,204.0
159.2,359.02,20.03,60.3,8.47,42.78,312.0
175.46,277.59,28.89,40.58,0.97,22.53,256.0
116.36,207.15,30.39,60.7,8.59,22.93,246.0
158.75,340.54,19.9,66.13,4.89,107.0,321.0
148.16,311.25,15.99,66.12,8.39,39.96,294.0
225.78,560.75,31.98,70.75,3.25,140.86,500.0
16.13,24.08,15.2,72.68,3.45,82.3,42.0
73.84,152.18,33.74,33.86,7.54,74.41,183.0
237.85,473.94,27.55,47.16,7.87,70.8,427.0
223.11,533.16,21.44,64.36,2.37,106.96,442.0
116.64,163.67,19.93,54.93,9.73,73.32,215.0
156.93,341.7,15.18,39.53,0.94,28.0,235.0
72.96,141.45,19.71,57.64,0.78,133.22,160.0
51.09,79.55,17.75,50.37,6.0,69.98,139.0
118.61,215.48,27.24,49.5,7.26,20.36,209.0
91.57,149.62,18.33,70.49,9.61,84.11,214.0
148.0,289.05,25.57,50.38,4.11,100.63,275.0
24.04,56.64,26.8,31.32,0.35,48.58,60.0
243.73,472.85,20.96,32.9,6.07,122.05,395.0
246.62,498.48,15.7,72.81,2.97,103.77,451.0
176.05,329.98,15.75,78.03,4.39,101.05,329.0
136.34,172.68,15.53,64.42,4.94,68.92,201.0
80.83,121.47,29.78,48.22,0.74,144.67,161.0
204.38,375.98,21.36,76.93,4.91,48.39,382.0
172.76,276.99,30.93,63.14,4.32,90.88,324.0
44.84,64.41,23.63,72.22,7.15,53.27,114.0
228.18,423.35,24.06,68.29,6.49,114.27,450.0
206.52,334.49,25.26,48.96,1.93,16.69,327.0
237.7,365.0,29.26,53.94,2.14,16.43,360.0
182.8,329.62,20.47,39.31,2.58,123.52,292.0
155.29,213.25,17.43,44.6,1.87,70.8,206.0
107.47,258.58,26.12,68.91,6.61,57.77,244.0
233.52,543.63,21.54,74.7,9.94,95.05,500.0
217.19,460.41,23.85,66.22,6.56,108.27,432.0
16.08,21.51,27.94,53.26,6.11,38.17,47.0
11.46,25.31,24.88,34.33,4.16,35.96,36.0
97.23,218.81,27.41,32.85,3.19,144.14,186.0
203.59,447.5,25.88,48.72,9.12,92.55,400.0
246.88,332.84,29.8,53.19,9.69,64.62,404.0
41.85,85.26,29.12,60.46,5.02,122.2,124.0
150.56,343.98,25.68,30.32,2.97,83.52,256.0
98.32,191.78,28.58,79.49,7.72,43.83,245.0
242.63,495.04,32.47,48.2,1.41,38.94,439.0
211.32,379.5,23.65,72.4,7.68,65.56,411.0
210.39,397.07,23.26,56.75,8.21,130.39,398.0
119.83,149.15,30.28,36.52,1.34,18.6,160.0
106.63,216.53,26.65,69.88,9.77,40.59,247.0
71.98,94.0,16.42,65.49,9.86,135.04,161.0
18.81,33.21,32.84,56.37,9.37,27.04,97.0
216.86,342.73,15.62,55.73,5.01,98.15,314.0
204.16,389.75,29.97,34.37,2.54,39.89,328.0
249.93,343.27,30.18,62.79,5.86,94.82,428.0
249.18,523.05,34.06,75.56,4.26,63.63,500.0
141.08,315.11,16.08,34.66,2.14,24.23,200.0
193.4,273.15,26.94,43.18,4.29,91.55,299.0
236.47,315.83,23.56,75.12,6.67,105.63,414.0
213.16,296.12,21.61,44.22,0.8,105.24,276.0
65.6,153.52,16.81,62.7,3.4,99.18,136.0
115.38,217.69,26.25,56.74,0.28,80.03,205.0
36.64,66.23,24.58,59.82,7.52,82.73,120.0
238.74,319.61,17.09,50.79,6.44,98.99,345.0
153.51,313.85,27.25,45.0,0.72,106.64,278.0
61.02,142.07,29.76,32.43,9.65,101.68,156.0
169.57,386.04,30.35,67.21,0.32,92.17,339.0
156.44,315.05,33.11,67.3,5.94,31.82,338.0
92.75,120.38,23.19,63.54,7.79,39.49,165.0
32.82,44.18,34.06,62.18,7.9,46.43,99.0
169.54,214.31,32.31,42.19,0.44,138.75,268.0
132.48,203.31,20.93,31.12,9.07,116.32,224.0
194.22,267.31,18.19,70.44,9.19,87.4,329.0
132.44,203.7,23.71,54.56,5.66,45.29,220.0
213.78,363.56,23.04,45.34,4.87,25.52,337.0
140.22,340.15,26.51,35.1,0.54,135.83,263.0
142.43,283.93,26.67,33.14,5.66,134.97,251.0
219.78,502.3,30.0,47.44,4.15,25.5,398.0
103.85,220.53,25.2,70.24,7.75,121.61,277.0
37.83,50.93,17.1,75.94,4.1,72.53,77.0
12.05,25.99,32.17,74.84,6.87,55.36,84.0
190.01,295.96,21.2,76.0,1.1,113.47,340.0
156.98,318.79,34.43,75.39,1.42,96.01,346.0
177.5,291.68,17.36,56.36,1.48,119.2,270.0
57.18,142.77,34.17,40.97,0.55,20.41,100.0
38.41,59.25,16.82,69.9,5.46,54.6,79.0
8.56,13.38,19.62,40.69,7.96,54.7,61.0
90.89,219.04,15.93,43.36,6.14,56.17,192.0
149.53,184.23,29.1,41.66,5.79,80.35,234.0
101.1,212.89,32.01,55.75,6.84,49.62,226.0
112.18,240.4,23.68,46.09,3.46,72.21,218.0
226.52,518.11,33.57,37.71,3.68,61.49,420.0
90.32,222.81,26.81,52.66,3.21,112.94,209.0
130.93,323.17,27.6,73.7,7.15,94.49,332.0
196.99,253.11,31.91,58.53,1.7,101.51,317.0
102.15,231.72,20.94,73.92,0.23,39.48,197.0
157.41,321.15,22.09,39.79,6.0,55.57,290.0
216.28,441.54,33.12,38.35,9.43,12.96,413.0
237.63,324.81,33.02,58.78,6.13,25.17,412.0
41.03,83.92,34.53,53.17,7.85,47.11,119.0
232.01,574.75,33.04,63.01,6.76,19.16,500.0
125.57,299.53,17.55,69.73,5.02,94.37,275.0
68.27,120.9,31.47,67.57,7.21,149.74,181.0
117.49,147.09,23.2,77.11,8.26,24.11,227.0
245.11,409.57,34.82,49.91,2.32,124.97,430.0
125.69,285.86,24.45,40.32,3.43,26.63,209.0
85.54,180.66,26.08,57.55,2.31,103.79,183.0
160.18,287.87,25.6,35.54,4.58,100.04,272.0
63.84,81.18,21.43,44.44,8.86,136.38,147.0
23.59,41.39,16.5,40.39,3.52,25.95,50.0
36.58,66.19,32.91,49.83,3.81,54.16,89.0
36.37,87.55,31.05,35.56,8.62,22.71,135.0
42.22,85.84,17.79,31.59,5.2,67.03,79.0
39.01,62.62,30.54,62.84,5.4,137.62,133.0
162.01,305.06,27.52,60.51,8.62,119.41,344.0
49.56,63.73,23.18,65.42,4.96,111.21,110.0
89.69,221.02,20.08,63.02,6.85,84.62,214.0
224.71,374.84,32.19,35.71,0.95,133.69,346.0
121.12,220.59,29.0,44.55,1.87,72.92,206.0
168.55,280.11,25.95,36.48,4.1,30.96,257.0
47.22,98.56,27.19,72.15,5.0,127.26,129.0
52.11,107.4,16.82,67.35,9.66,49.15,148.0
15.01,31.98,24.48,40.08,9.71,17.51,63.0
46.39,71.84,18.87,47.07,8.53,27.65,91.0
73.25,117.97,19.17,78.33,3.22,95.27,141.0
48.37,65.92,28.23,59.71,9.64,94.99,165.0
26.73,54.86,33.23,70.06,6.92,46.43,84.0
34.56,43.25,23.08,43.23,3.99,111.81,87.0
117.89,233.07,19.15,40.5,7.05,118.31,213.0
55.55,129.47,27.97,69.2,0.26,138.87,138.0
94.25,222.24,32.42,64.29,1.55,91.89,225.0
128.34,228.92,29.97,64.05,8.31,119.12,297.0
174.15,312.96,32.38,57.63,6.49,115.43,350.0
14.63,19.02,25.73,58.18,3.71,46.09,36.0
200.86,416.17,30.04,66.78,5.06,53.43,420.0
158.84,360.18,17.8,43.5,9.06,76.99,303.0
25.03,38.0,21.97,47.64,6.35,12.67,64.0
219.03,382.79,22.79,73.58,4.04,51.64,397.0
230.61,528.22,25.23,45.44,1.29,76.34,404.0
19.96,46.72,33.58,57.32,3.01,25.13,53.0
72.84,110.43,32.49,65.13,9.79,27.68,181.0
202.52,387.97,17.69,80.0,4.43,74.85,383.0
188.32,273.11,18.46,51.76,4.77,112.34,292.0
50.21,66.9,22.15,51.4,5.04,126.72,120.0
56.29,134.22,20.81,72.13,8.85,86.48,163.0
95.77,217.07,27.3,70.28,6.08,76.46,251.0
123.71,270.68,33.06,66.55,6.97,63.8,295.0
156.47,197.69,34.25,53.16,3.96,37.01,256.0
95.38,219.08,28.07,46.2,0.39,30.52,161.0
118.32,209.36,31.76,60.44,9.32,120.87,278.0
188.13,309.5,25.5,73.81,9.5,75.1,384.0
13.99,26.72,19.17,74.19,9.5,120.64,106.0
66.85,88.16,25.49,35.42,9.44,108.57,163.0
179.77,392.55,26.1,51.42,8.17,37.15,361.0
224.33,439.04,29.85,53.24,6.88,81.44,435.0
130.36,188.05,19.4,78.88,8.46,72.16,251.0
135.37,195.57,22.37,63.9,6.05,69.34,234.0
31.26,45.0,22.28,50.36,1.43,85.96,75.0
114.62,146.03,34.19,31.3,3.97,147.49,207.0
135.49,266.12,23.88,58.27,9.72,123.81,286.0
64.41,147.65,30.1,34.8,3.58,136.52,159.0
70.96,86.77,30.02,71.72,8.69,14.15,167.0
97.43,123.13,20.31,67.63,1.02,29.65,132.0
9.92,19.29,26.44,53.03,3.41,21.87,44.0
83.91,190.08,32.89,51.46,3.57,46.85,175.0
56.8,92.29,24.5,74.87,0.61,71.86,87.0
85.24,141.02,33.9,44.42,1.28,99.89,158.0
34.34,67.83,19.29,42.45,2.01,80.12,76.0
223.18,347.37,16.48,76.96,8.39,136.45,400.0
150.43,185.72,32.83,70.46,0.73,141.58,298.0
171.38,369.46,31.95,71.03,3.06,32.89,366.0
198.35,399.34,34.85,39.76,0.2,129.41,361.0
127.12,248.51,28.59,37.16,6.99,77.44,248.0
26.3,56.91,33.73,31.3,6.24,73.47,84.0
136.59,283.81,31.54,41.85,6.49,119.89,295.0
148.78,218.35,31.89,68.71,3.81,23.04,272.0
187.63,311.14,26.38,42.0,2.16,133.55,307.0
110.76,151.07,22.65,66.46,7.23,103.92,211.0
36.26,49.63,33.69,42.6,8.13,132.54,106.0
74.53,154.94,23.64,49.76,1.47,149.23,151.0
93.96,217.62,25.78,79.16,4.92,82.52,238.0
163.25,400.22,23.92,42.24,2.56,23.06,289.0
144.84,292.12,26.3,48.82,1.76,33.31,253.0
92.24,132.77,24.41,45.05,7.37,55.31,167.0
246.7,329.92,15.96,35.48,5.43,24.5,309.0
153.41,346.21,32.64,54.49,2.24,124.15,317.0
63.12,123.24,23.89,48.93,3.17,51.56,126.0
29.94,59.99,26.78,64.74,9.67,146.62,131.0
42.45,94.07,17.78,70.88,8.5,108.36,124.0
65.26,137.98,15.07,57.21,8.81,34.28,146.0
44.37,101.37,19.91,31.61,4.65,76.65,114.0
50.71,64.56,29.09,60.95,6.28,75.36,109.0
74.85,162.55,16.98,32.77,3.83,78.95,136.0
47.48,109.49,33.18,60.82,0.87,85.0,126.0
224.71,353.23,19.3,64.25,4.07,14.36,371.0
24.66,50.12,19.09,39.89,5.98,106.08,76.0
133.51,214.73,18.63,70.97,2.94,78.21,224.0
105.55,258.1,15.28,75.55,8.49,120.74,247.0
245.68,305.49,30.44,70.65,1.6,124.15,420.0
32.45,63.4,32.5,45.26,3.73,42.27,74.0
102.47,145.15,27.28,59.33,1.34,16.78,157.0
242.52,515.57,18.76,75.74,4.11,108.45,450.0
217.05,310.09,20.71,46.03,0.49,146.89,318.0
205.18,309.0,24.52,71.0,2.8,72.53,359.0
68.19,125.65,34.09,30.47,4.07,46.35,141.0
46.87,111.98,19.95,30.18,4.83,31.93,80.0
168.82,249.04,29.63,67.99,5.48,50.24,316.0
232.7,322.87,23.79,68.07,2.82,55.91,350.0
141.41,309.21,20.96,69.45,5.28,69.34,292.0
145.05,268.45,24.12,76.5,5.14,101.76,305.0
73.59,175.55,16.42,35.9,3.23,48.24,135.0
193.53,269.12,30.97,41.6,8.32,17.14,318.0
50.83,103.67,19.87,75.19,5.5,62.26,130.0
84.3,126.68,29.51,38.86,3.39,129.79,139.0
109.23,153.34,16.37,64.11,9.48,79.77,213.0
129.36,270.17,34.1,56.52,8.47,145.07,320.0
64.39,126.96,18.86,34.16,9.83,80.51,136.0
33.14,72.28,32.65,44.26,6.95,48.63,89.0
154.6,247.72,31.19,56.02,3.84,37.06,288.0
75.71,134.95,34.36,72.62,2.88,107.23,195.0
147.4,254.58,24.56,65.38,6.67,85.09,297.0
42.82,106.16,29.55,61.09,9.81,94.56,153.0
122.88,194.14,22.41,54.8,6.3,115.72,205.0
135.48,214.51,18.69,44.93,8.83,111.63,246.0
17.7,29.39,23.86,35.96,3.36,16.07,46.0
87.47,169.16,18.31,50.45,4.13,122.36,167.0
37.93,57.96,34.64,31.43,9.07,84.58,126.0
20.53,49.06,16.92,40.55,7.59,64.84,85.0
247.54,382.55,26.78,51.62,9.82,85.25,430.0
83.98,198.57,27.53,50.93,7.77,95.74,211.0
203.42,271.47,25.76,32.21,4.54,30.93,276.0
67.39,138.38,28.24,59.45,5.36,68.44,169.0
171.97,409.13,17.32,57.48,9.02,56.98,334.0
191.26,271.46,26.1,33.91,5.56,59.06,284.0
150.93,371.11,20.74,77.16,2.63,22.79,303.0
120.54,215.61,33.8,34.97,4.41,32.38,226.0
105.9,257.28,30.24,72.74,5.21,32.66,263.0
90.47,188.17,34.45,30.02,1.06,62.25,156.0
232.73,370.53,15.75,74.11,7.46,135.23,406.0
208.5,301.24,20.7,30.99,1.18,38.84,252.0
241.43,385.05,18.91,67.89,4.11,68.27,405.0
35.45,46.83,15.22,48.08,8.07,53.63,104.0
184.06,255.3,19.85,66.91,4.73,120.23,313.0
234.89,313.83,28.58,50.09,8.44,17.02,388.0
49.4,86.45,19.62,33.55,3.48,37.52,88.0
21.29,47.57,25.18,68.38,9.58,39.49,108.0
186.57,258.18,32.76,33.56,2.17,149.01,302.0
145.75,199.59,28.88,76.11,0.48,89.91,255.0
211.25,430.2,22.89,32.55,8.74,29.45,350.0
39.24,57.15,22.45,53.97,7.55,48.11,110.0
199.84,265.17,24.11,66.15,2.4,33.5,311.0
54.4,77.08,18.54,49.66,9.85,27.44,113.0
45.1,108.27,27.68,40.86,5.07,121.61,105.0
45.25,102.61,22.28,67.95,9.52,79.41,147.0
204.57,339.65,32.05,69.21,5.1,98.37,383.0
167.97,344.78,30.13,76.13,4.77,56.38,356.0
133.15,252.78,27.21,48.81,4.55,87.52,243.0
92.91,193.28,22.28,55.31,3.42,46.06,172.0
219.91,459.06,19.2,48.16,5.38,53.13,379.0
101.15,204.05,30.52,42.85,4.58,101.31,220.0
205.07,317.02,24.73,67.55,0.46,31.05,330.0
112.59,140.81,19.5,46.98,2.68,96.41,173.0
97.35,174.48,18.9,51.41,2.21,129.31,181.0
118.36,279.12,18.31,50.18,8.69,26.86,213.0
78.84,152.97,30.54,65.63,6.03,135.64,207.0
188.16,429.41,19.58,75.89,7.66,21.12,372.0
128.17,319.02,25.53,63.34,9.57,58.85,316.0
61.89,87.44,24.03,53.58,6.48,95.47,116.0
225.4,473.18,26.59,68.96,9.83,88.32,484.0
99.05,205.69,32.54,62.05,3.19,23.49,213.0
138.17,341.83,32.35,33.03,1.94,121.85,265.0
227.09,563.46,24.02,34.78,4.09,146.24,428.0
157.94,330.51,15.31,31.9,4.76,35.37,243.0
33.64,51.02,23.53,52.84,8.96,135.32,123.0
235.26,526.54,27.12,71.29,5.64,87.95,500.0
158.79,212.64,26.16,45.65,2.99,141.03,249.0
87.05,192.81,28.03,49.21,7.45,34.65,197.0
39.12,93.24,18.08,75.47,5.11,120.88,124.0
199.54,338.75,27.93,71.85,1.71,18.37,351.0
156.92,316.95,18.65,63.25,5.81,133.65,301.0
135.7,238.72,30.01,43.34,9.12,104.38,262.0
224.0,396.28,21.78,35.85,8.44,61.84,349.0
198.21,317.82,29.2,30.8,5.91,36.67,300.0
42.16,92.36,15.96,35.35,3.83,124.31,89.0
81.37,196.68,23.16,44.63,0.96,94.45,168.0
65.88,159.63,29.1,57.59,4.75,60.46,153.0
187.27,267.27,19.54,33.2,7.55,72.14,266.0
13.22,30.89,30.91,36.81,3.67,125.72,77.0
144.62,312.19,27.62,39.05,2.43,57.45,265.0
191.8,293.21,26.75,61.6,9.32,22.55,359.0
219.81,283.0,22.07,60.79,8.23,137.58,360.0
88.81,137.51,24.65,57.54,6.42,64.23,185.0
206.21,491.99,26.95,42.53,1.45,58.77,363.0
32.1,64.95,24.45,48.56,1.53,38.62,63.0
212.38,453.94,28.97,34.83,1.12,135.64,367.0
36.23,55.59,23.67,41.32,6.2,40.45,79.0
102.34,218.51,19.05,74.89,1.24,99.13,203.0
200.34,247.73,19.28,78.98,8.44,133.31,349.0
41.73,70.44,15.12,62.38,9.93,14.89,99.0
61.17,123.24,21.02,75.84,3.73,126.03,163.0
181.95,252.9,29.98,62.14,4.59,67.48,313.0
181.41,411.78,30.88,31.66,7.15,102.12,354.0
162.08,244.02,19.05,79.84,9.38,62.14,311.0
175.02,358.43,34.18,34.95,8.95,107.37,354.0
137.97,238.24,25.05,64.13,0.67,45.6,235.0
66.69,131.7,33.34,42.64,1.77,13.07,120.0
89.7,120.16,29.14,49.6,7.57,142.69,208.0
49.49,60.48,29.45,62.3,6.92,12.29,119.0
227.57,542.17,16.7,51.82,1.42,125.37,399.0
147.93,229.37,19.4,42.53,5.07,33.68,216.0
103.21,233.83,15.18,46.72,7.83,64.91,201.0
118.19,295.38,29.32,47.08,2.27,125.15,260.0
237.08,349.67,21.89,77.97,8.73,38.83,436.0
42.57,65.76,30.73,69.93,0.62,131.2,91.0
148.63,306.43,21.78,52.93,7.84,79.69,298.0
128.94,316.57,31.39,39.99,6.2,61.26,287.0
154.81,370.07,17.61,70.55,3.22,102.74,300.0
9.44,17.49,18.47,37.86,7.24,57.79,53.0
218.67,488.43,21.82,40.52,7.85,58.62,378.0
233.37,321.23,23.17,48.3,9.35,112.69,379.0
143.46,354.44,21.97,74.02,3.74,53.38,307.0
175.68,431.06,30.27,36.59,6.89,38.11,347.0
231.01,326.39,16.94,36.11,6.07,123.07,313.0
178.27,283.32,22.02,54.7,5.3,122.75,312.0
42.37,56.36,31.74,43.82,8.92,79.66,123.0
146.19,227.07,16.34,58.44,0.13,83.73,217.0
153.65,347.35,33.85,52.58,2.89,107.45,330.0
108.91,184.26,34.73,51.75,5.43,81.3,232.0
185.43,243.82,16.77,35.6,1.87,68.39,226.0
233.92,384.77,20.83,37.05,9.09,149.29,390.0
231.76,573.8,22.45,71.05,6.51,30.67,476.0
115.46,233.06,30.53,74.29,4.83,92.98,253.0
32.74,57.01,26.92,41.73,8.17,134.02,96.0
246.29,348.86,27.89,35.67,4.56,106.21,343.0
210.53,522.54,30.15,32.67,5.63,133.33,422.0
35.54,80.58,17.36,60.41,0.13,57.09,76.0
230.61,361.11,31.66,65.77,3.72,48.08,423.0
218.12,281.62,29.11,48.64,1.47,129.18,321.0
132.12,168.26,26.55,63.98,6.93,65.18,247.0
149.86,203.29,32.79,65.65,4.84,109.36,288.0
102.76,200.89,29.01,76.77,3.09,30.68,219.0
18.42,44.34,19.03,33.24,4.73,115.82,75.0
87.12,160.81,23.59,39.61,2.18,86.86,144.0
201.7,463.07,24.88,33.43,9.26,47.61,394.0
6.13,10.92,16.1,73.4,0.63,79.23,42.0
86.71,183.92,34.09,69.63,8.67,107.57,244.0
102.55,220.63,17.57,58.73,5.16,11.66,181.0
136.66,194.9,28.95,34.18,6.23,99.25,227.0
230.36,384.61,25.12,43.67,3.1,85.82,361.0
89.85,182.27,15.51,44.89,9.67,40.84,188.0
90.0,116.28,33.49,58.04,2.89,115.42,164.0
185.69,310.1,32.04,42.9,5.93,52.48,326.0
115.79,219.46,25.49,33.65,9.93,48.76,206.0
60.03,149.78,19.58,66.54,8.82,75.97,176.0
115.85,210.48,17.43,44.95,5.41,104.66,202.0
39.51,89.33,22.27,52.62,9.9,140.04,162.0
48.21,84.94,20.11,36.38,7.04,29.79,85.0
127.1,284.11,25.13,70.13,2.17,65.51,277.0
107.64,212.48,34.33,58.28,4.12,19.38,206.0
229.14,539.06,26.5,75.08,3.41,116.2,488.0
93.79,162.65,32.8,54.77,3.51,72.68,173.0
147.24,292.37,28.02,77.07,7.63,108.97,347.0
159.9,322.85,24.5,74.59,5.88,55.11,321.0
8.21,14.3,32.09,58.82,0.48,128.2,32.0
167.57,232.52,24.43,76.69,8.79,84.88,327.0
48.62,64.26,32.37,46.15,3.04,142.11,118.0
240.46,293.77,20.83,48.28,9.97,21.03,346.0
41.42,96.75,17.58,32.27,9.55,82.0,113.0
106.58,160.66,32.11,59.46,9.41,117.3,265.0
25.91,38.22,26.75,66.1,8.13,94.02,106.0
249.23,537.56,32.78,68.68,2.28,13.25,500.0
128.04,206.91,33.76,37.49,5.37,146.13,247.0
150.87,280.29,16.07,52.21,2.32,51.76,224.0
21.43,30.25,25.02,38.84,2.67,44.9,54.0
188.74,461.97,22.5,63.11,6.15,77.99,390.0
56.43,130.18,27.52,37.9,0.5,85.9,112.0
225.02,522.71,30.87,75.21,9.7,117.28,500.0
55.26,95.53,20.61,41.53,9.19,65.06,110.0
51.72,113.32,26.14,44.57,3.87,71.59,102.0
13.95,19.36,29.17,72.55,5.2,84.89,81.0
120.66,146.14,17.69,52.92,4.71,65.21,174.0
143.39,175.79,31.28,31.2,8.83,138.04,241.0
21.1,41.41,27.12,54.73,6.92,129.18,100.0
195.0,349.45,33.99,34.23,2.85,73.7,322.0
116.06,217.42,21.79,79.27,4.52,10.03,231.0
133.48,161.47,17.16,59.41,4.35,136.13,212.0
112.99,197.67,25.13,42.83,9.6,27.41,217.0
103.19,220.15,16.72,58.19,1.84,44.23,173.0
142.11,252.32,34.39,33.84,0.99,31.33,229.0
43.03,92.6,15.77,69.99,8.82,35.17,133.0
49.57,74.5,30.07,76.27,8.98,122.4,159.0
216.14,487.84,25.5,73.72,8.73,91.13,492.0
236.8,465.3,22.37,47.09,5.16,143.85,412.0
96.46,142.18,16.32,46.29,6.63,42.4,165.0
71.33,107.55,27.44,31.75,5.68,77.99,135.0
162.78,328.24,26.7,62.57,0.79,146.84,318.0
105.14,239.61,20.62,56.75,6.0,125.7,236.0
11.22,19.53,33.2,52.97,0.23,112.01,56.0
43.26,66.43,21.08,75.38,3.32,36.46,94.0
180.41,419.84,23.99,38.39,9.33,117.72,361.0
166.44,344.53,25.88,30.48,3.11,58.66,268.0
11.64,20.75,17.0,33.67,9.4,84.28,85.0
59.38,108.92,33.64,41.17,2.58,95.28,134.0
61.61,90.3,22.49,31.66,3.21,95.31,108.0
169.61,341.75,16.62,55.14,6.32,111.71,305.0
9.83,16.38,22.75,45.7,7.64,102.64,80.0
30.51,76.09,27.0,39.02,5.06,19.57,75.0
200.98,366.63,25.27,67.5,8.83,74.03,382.0
48.74,89.28,28.89,40.22,0.5,102.96,97.0
164.92,319.23,16.11,64.38,9.23,51.44,321.0
63.35,151.53,20.69,47.46,2.04,53.83,141.0
29.36,65.8,31.38,55.59,8.85,27.44,108.0
64.58,115.37,16.6,76.69,4.07,68.61,137.0
181.96,388.35,32.11,31.87,8.34,148.16,368.0
214.65,421.16,16.84,55.01,6.75,49.94,359.0
208.4,383.48,31.69,72.72,1.84,84.4,416.0
102.31,148.35,22.22,59.4,9.19,114.05,213.0
168.68,304.15,27.24,43.84,2.53,11.89,279.0
55.22,83.91,18.06,49.88,2.52,136.06,117.0
76.82,183.55,16.32,64.01,8.16,64.12,192.0
224.6,367.46,19.32,74.54,1.15,131.68,378.0
8.19,19.96,17.56,32.05,2.3,15.45,44.0
25.95,49.12,21.25,33.58,5.09,30.39,68.0
55.93,113.04,25.29,46.25,8.32,55.15,143.0
11.5,21.92,26.78,41.64,1.56,58.36,29.0
49.45,67.66,30.8,43.25,5.52,128.69,122.0
147.85,249.65,28.12,41.06,7.14,11.57,253.0
108.25,143.85,27.18,39.79,8.62,99.76,193.0
223.7,449.61,23.24,36.53,9.36,28.38,374.0
205.27,365.58,24.48,76.7,7.87,125.25,421.0
88.75,196.25,23.29,37.21,6.56,119.0,190.0
68.56,101.92,31.84,40.22,4.39,79.99,118.0
98.02,138.6,19.6,42.31,1.21,39.78,133.0
149.62,258.58,15.11,76.65,7.13,98.83,281.0
70.68,169.94,28.03,67.79,9.93,31.88,202.0
157.92,335.34,19.05,69.48,7.39,36.6,325.0
105.31,183.72,32.8,35.24,0.27,97.74,199.0
140.25,262.61,32.18,71.82,5.01,148.77,330.0
111.85,146.47,16.53,50.41,6.19,134.75,177.0
77.14,191.31,17.13,43.14,6.93,93.04,167.0
237.37,490.49,24.9,58.79,7.23,85.4,464.0
192.08,301.77,27.18,71.11,5.63,149.77,380.0
39.33,77.14,20.5,68.93,2.31,86.64,105.0
217.77,292.32,29.34,74.5,9.43,68.82,411.0
124.42,305.53,26.9,76.41,7.0,137.34,324.0
224.17,319.93,21.5,41.91,2.44,42.79,321.0
200.96,410.46,15.51,51.19,3.29,23.65,316.0
109.18,165.85,30.0,30.73,9.23,98.77,198.0
10.5,22.41,19.3,73.97,8.89,23.42,85.0
70.83,156.52,31.69,37.73,4.11,62.24,138.0
137.7,285.79,23.41,73.07,0.48,69.3,229.0
160.2,320.22,26.54,46.47,0.58,86.66,283.0
68.18,160.92,32.46,48.41,2.91,148.83,183.0
39.14,50.97,32.27,31.96,6.33,40.94,93.0
209.56,341.62,22.43,46.34,5.88,62.61,318.0
246.18,374.87,19.18,74.42,6.37,28.51,406.0
133.79,332.4,30.5,31.28,7.2,95.07,279.0
47.06,80.3,23.66,50.32,0.29,111.87,87.0
71.72,154.36,18.84,31.57,1.14,77.49,134.0
9.51,19.87,33.09,48.55,3.66,44.42,35.0
229.0,337.94,18.96,38.63,1.63,96.92,310.0
33.85,51.14,15.52,42.61,0.85,85.48,72.0
146.25,228.97,15.41,73.88,6.45,33.97,254.0
72.14,125.13,27.45,51.8,8.17,66.8,180.0
140.77,211.81,28.23,43.69,7.55,70.93,255.0
164.6,201.72,21.22,59.47,8.19,147.57,289.0
208.29,488.06,21.4,37.11,6.69,128.9,383.0
55.57,136.45,21.79,42.97,7.38,112.81,154.0
7.69,12.65,28.6,57.31,2.79,134.43,52.0
38.54,63.2,16.16,41.88,9.93,112.97,99.0
225.5,272.68,33.58,63.96,1.91,136.48,389.0
219.1,456.68,19.45,54.57,2.22,17.64,372.0
151.37,344.07,34.99,68.6,2.96,73.85,349.0
152.13,211.55,18.43,77.41,9.76,114.57,290.0
167.93,236.38,30.43,35.79,9.88,91.66,275.0
47.97,106.83,19.47,46.73,7.97,34.52,120.0
229.03,458.33,16.62,45.98,6.33,57.67,354.0
107.6,135.39,32.5,37.56,5.25,54.49,164.0
98.87,198.66,32.18,70.52,9.71,46.59,256.0
132.13,211.63,23.07,67.99,6.99,58.04,246.0
16.51,27.72,29.05,54.22,9.45,82.08,97.0
45.74,100.66,26.14,56.89,3.23,129.68,123.0
185.82,418.87,32.06,32.98,3.4,113.88,343.0
25.29,43.5,21.3,57.78,8.56,126.93,89.0
152.77,371.44,25.47,69.57,1.58,133.7,328.0
65.11,112.54,24.71,58.69,9.46,68.26,156.0
100.38,221.17,22.08,43.27,5.12,58.44,181.0
75.73,138.51,32.83,63.38,9.27,18.07,188.0
92.14,218.08,18.32,48.07,3.43,140.27,179.0
181.17,431.19,17.99,57.24,7.19,19.22,343.0
77.79,102.19,26.54,54.38,4.88,113.76,158.0
143.77,347.55,28.15,49.06,6.31,62.94,298.0
121.63,276.49,18.89,65.94,5.09,142.83,270.0
167.6,373.53,22.81,74.19,9.67,68.74,365.0
234.52,342.68,33.93,30.26,6.95,124.33,366.0
184.48,414.46,19.93,76.68,2.59,49.57,361.0
57.66,132.92,28.37,55.58,9.11,51.87,172.0
12.64,19.92,29.8,65.04,3.01,93.37,67.0
69.25,168.84,23.96,72.78,3.78,149.72,205.0
150.79,190.73,33.75,53.36,1.11,82.46,238.0
17.6,24.55,29.73,71.75,9.01,141.08,112.0
126.61,240.41,24.16,38.88,2.93,120.07,211.0
151.23,294.67,26.39,37.96,2.66,121.42,251.0
86.89,177.14,28.85,62.87,9.21,71.03,224.0
193.87,236.93,26.84,73.51,8.07,64.12,337.0
31.12,76.19,32.57,74.62,1.5,36.87,97.0
23.41,29.45,22.14,62.19,7.72,144.95,86.0
183.41,254.2,21.0,56.27,9.14,144.32,325.0
126.4,153.98,19.28,46.57,0.88,114.59,166.0
173.66,336.36,15.76,79.0,8.27,51.48,330.0
111.53,269.01,15.86,45.98,5.52,44.33,213.0
65.37,135.03,32.4,67.21,6.73,148.41,191.0
205.68,466.78,28.57,56.6,4.98,19.32,401.0
200.86,244.5,28.21,60.43,7.01,128.1,338.0
175.2,333.69,27.29,49.67,0.44,59.76,312.0
71.68,128.83,31.98,78.24,7.65,68.64,190.0
149.61,276.57,24.61,58.58,0.43,126.48,268.0
93.44,120.9,32.41,76.89,4.61,22.68,182.0
27.44,57.34,22.19,30.38,1.59,59.58,59.0
229.74,425.98,33.53,58.63,8.25,143.28,474.0
38.52,84.54,28.97,65.86,3.21,107.87,113.0
237.81,435.4,20.14,67.25,4.6,115.69,428.0
114.27,159.32,26.28,75.25,4.34,116.05,220.0
50.36,102.87,25.66,30.22,7.75,18.48,123.0
137.77,196.19,17.76,30.02,4.86,38.45,196.0
218.87,510.87,26.82,53.61,7.91,78.78,457.0
184.4,368.25,21.3,31.46,0.83,61.54,273.0
202.61,284.53,16.05,78.73,2.0,67.53,282.0
166.4,407.86,33.97,41.1,5.56,119.4,367.0
174.61,327.19,27.83,53.63,9.48,12.06,331.0
213.05,275.85,32.54,33.06,0.84,102.47,298.0
66.17,133.32,28.52,56.1,0.53,10.02,99.0
124.91,191.01,22.14,49.0,1.65,18.83,187.0
59.2,132.88,25.25,32.23,6.45,67.16,119.0
246.98,558.95,28.51,46.76,4.05,127.73,477.0
236.29,584.27,34.21,49.57,8.27,30.3,500.0
14.66,27.16,20.07,79.5,0.81,87.65,44.0
177.87,318.64,32.5,40.39,2.04,104.99,320.0
231.69,504.96,33.48,57.24,3.07,42.13,455.0
49.24,67.57,28.41,79.37,6.3,81.73,142.0
144.15,275.46,33.63,69.6,6.88,137.6,330.0
229.29,437.98,22.96,79.67,1.33,81.71,440.0
13.32,17.53,34.06,78.41,9.44,32.03,98.0
175.87,306.6,29.06,54.48,3.48,97.89,324.0
77.85,179.78,15.84,64.82,7.16,92.91,180.0
231.48,535.41,33.14,35.52,5.29,13.77,416.0
242.91,322.83,24.69,52.06,2.31,22.68,338.0
236.35,311.49,24.21,70.45,8.48,31.95,407.0
121.18,186.8,26.33,55.27,8.2,29.08,229.0
216.2,505.3,17.99,65.13,4.02,46.33,389.0
211.91,289.81,24.38,67.29,5.93,73.57,345.0
83.18,177.67,31.62,42.67,2.65,62.04,180.0
208.08,277.07,15.31,73.78,6.93,134.69,347.0
14.07,28.28,20.46,52.99,3.16,95.7,43.0
151.09,251.24,15.05,40.51,8.46,132.66,231.0
61.35,136.54,23.31,73.27,2.25,83.79,138.0
34.54,51.94,29.57,50.89,0.25,22.58,38.0
23.85,48.45,30.98,67.52,2.76,74.86,76.0
175.59,264.51,33.9,57.4,1.99,125.08,342.0
88.27,187.82,27.17,49.09,5.13,37.17,166.0
182.57,426.44,20.09,70.49,2.12,22.77,346.0
21.01,28.68,33.48,59.22,7.66,56.12,101.0
82.25,191.35,30.51,49.53,2.49,64.45,184.0
137.18,270.46,26.49,35.48,7.1,52.88,247.0
198.73,271.31,28.91,74.77,5.83,28.93,352.0
83.09,145.9,33.49,31.77,9.86,45.12,169.0
158.34,223.12,29.25,73.16,10.0,105.52,331.0
222.06,468.66,22.37,48.0,8.71,64.03,409.0
155.89,340.85,29.26,61.97,7.62,98.56,363.0
62.08,83.03,15.81,76.11,3.93,85.08,116.0
10.98,20.4,22.73,37.59,7.56,86.87,64.0
218.17,492.86,23.13,58.35,9.57,44.8,429.0
10.21,24.68,18.34,68.22,0.33,83.02,39.0
219.3,409.56,15.46,67.88,5.43,13.3,372.0
134.59,327.77,17.67,56.28,2.26,70.44,259.0
235.07,445.79,28.09,61.24,5.62,90.17,437.0
200.7,343.69,31.05,67.88,4.72,35.48,381.0
249.49,574.5,34.76,72.05,5.8,45.92,500.0
90.92,167.38,21.93,68.09,5.55,40.73,196.0
192.96,349.93,26.99,47.7,9.61,19.88,348.0
103.47,190.12,33.74,79.84,5.57,58.7,233.0
122.57,282.01,18.34,51.73,8.48,147.06,264.0
158.74,362.17,29.35,31.22,3.27,59.54,288.0
219.05,377.77,30.1,48.13,4.44,74.48,381.0
246.1,401.95,16.78,36.39,4.76,101.43,338.0
193.23,355.44,32.22,36.07,2.86,100.79,325.0
107.35,208.76,31.26,44.08,3.86,142.99,214.0
108.23,163.41,15.67,32.67,6.03,130.06,168.0
185.71,414.53,16.82,64.43,5.84,121.15,354.0
63.5,116.36,15.98,33.7,6.4,143.23,142.0
32.07,52.4,21.69,40.16,3.58,42.31,58.0
91.88,123.02,25.19,34.64,3.23,96.39,147.0
75.37,113.85,25.65,33.16,6.16,134.21,151.0
77.6,188.87,20.35,43.39,1.42,97.38,161.0
62.23,99.36,33.23,58.59,2.61,146.84,160.0
15.31,21.74,22.37,78.23,0.52,24.05,38.0
9.38,16.87,15.91,73.78,0.82,71.51,37.0
246.99,394.99,21.0,73.8,2.51,146.83,417.0
109.8,136.78,25.62,38.8,0.29,63.14,138.0
99.16,160.65,23.16,43.25,2.53,113.54,161.0
171.51,327.13,20.48,33.82,6.58,14.26,274.0
58.47,112.1,17.63,68.92,0.7,107.28,119.0
237.74,395.49,31.38,33.49,4.42,140.85,398.0
197.65,352.12,34.92,57.83,9.14,63.58,418.0
26.91,66.06,21.59,42.39,7.93,12.98,77.0
107.31,181.41,22.63,42.17,3.12,13.91,166.0
220.38,338.44,27.36,79.54,9.26,134.88,452.0
236.46,358.59,29.37,67.84,3.36,111.15,419.0
119.51,214.54,22.84,71.85,0.82,24.94,201.0
155.29,339.67,33.1,58.6,9.94,17.64,365.0
45.92,67.41,26.2,73.55,8.71,122.68,150.0
247.84,525.93,24.01,62.27,4.71,123.38,480.0
61.76,75.81,27.93,77.31,6.7,26.87,131.0
235.97,411.68,34.06,44.07,6.75,52.21,428.0
164.16,362.58,30.89,59.77,2.03,119.2,335.0
153.9,252.44,15.8,64.51,2.08,83.56,249.0
130.61,252.45,21.65,49.65,4.75,143.92,254.0
61.51,90.21,24.41,73.99,9.12,77.35,159.0
48.25,104.44,21.29,78.99,0.2,104.77,116.0
59.02,74.83,29.0,54.69,7.85,81.37,143.0
50.68,116.98,31.53,49.53,0.67,142.02,126.0
196.0,285.7,29.63,53.6,4.83,65.81,329.0
90.78,212.13,34.79,72.64,6.41,42.17,243.0
19.17,31.79,20.45,62.27,6.9,55.73,76.0
242.43,518.68,32.5,32.24,0.68,129.39,422.0
221.53,357.77,30.33,57.11,4.24,79.71,379.0
232.3,552.33,22.24,30.87,5.88,59.6,393.0
248.75,339.45,29.68,68.93,0.75,86.2,410.0
47.6,68.17,17.08,46.42,1.44,28.65,72.0
102.08,187.92,30.79,53.6,6.67,10.75,217.0
190.77,249.24,25.65,69.93,5.26,49.28,325.0
175.53,255.35,20.85,32.32,1.7,94.7,227.0
42.7,103.64,28.12,37.93,5.4,109.64,119.0
204.88,505.94,27.83,49.9,9.14,125.73,446.0
59.99,101.33,19.19,41.5,0.25,139.73,106.0
59.84,143.62,15.61,46.9,6.46,67.7,135.0
136.56,260.59,23.67,79.91,0.83,113.67,279.0
150.27,233.02,26.39,71.27,0.16,20.45,247.0
147.12,310.88,32.53,74.2,1.59,18.05,318.0
27.41,56.38,33.56,76.85,4.29,27.47,90.0
219.98,546.83,25.58,47.05,8.04,72.8,437.0
70.07,108.23,30.08,44.85,2.89,39.58,120.0
36.73,76.17,23.79,41.7,6.29,50.17,102.0
222.74,282.36,29.92,71.51,4.17,100.7,370.0
239.13,322.29,19.1,63.98,2.42,60.19,333.0
216.22,260.57,22.42,41.81,5.19,88.03,300.0
203.33,508.19,27.68,48.85,7.99,67.74,438.0
165.53,371.29,15.36,55.34,8.34,33.66,319.0
139.96,311.09,29.45,56.41,8.48,20.36,303.0
26.31,49.01,31.71,74.44,3.45,43.07,90.0
105.07,167.07,22.98,49.03,7.96,18.08,190.0
96.31,134.51,23.96,75.43,2.2,96.61,164.0
68.64,107.77,32.03,52.07,7.41,121.4,172.0
182.24,307.76,30.51,67.32,9.49,57.56,370.0
126.49,276.15,20.76,76.51,0.24,64.2,254.0
24.86,47.27,21.48,75.38,4.46,124.27,93.0
58.94,76.67,28.58,32.85,6.51,41.17,100.0
172.4,210.92,26.26,40.29,7.05,26.68,238.0
23.65,31.53,18.24,53.85,1.84,80.16,54.0
213.55,370.21,21.2,51.58,9.72,100.47,352.0
126.31,304.81,33.0,62.04,6.19,93.95,307.0
122.74,249.0,28.76,77.24,1.73,109.94,272.0
150.14,336.67,34.72,35.62,0.3,17.95,254.0
207.05,373.99,30.34,52.59,7.85,69.95,403.0
90.21,150.67,33.84,39.62,0.89,43.4,162.0
171.11,229.45,19.32,74.71,1.5,116.28,265.0
143.6,335.85,30.43,78.23,5.79,132.18,364.0
70.42,156.2,15.4,53.94,6.07,49.39,157.0
220.26,312.46,28.42,35.2,6.9,23.33,326.0
200.37,373.88,24.39,69.26,4.0,45.48,355.0
166.32,304.96,21.94,64.86,7.76,24.56,310.0
213.39,429.48,32.25,47.73,9.75,55.14,418.0
217.49,528.5,32.09,74.37,2.78,85.35,500.0
178.55,348.83,15.45,78.79,7.06,146.32,365.0
210.07,399.61,27.19,57.89,9.29,65.91,409.0
175.88,222.56,22.36,58.29,6.89,40.81,278.0
171.63,220.0,23.31,44.88,6.84,33.35,242.0
156.56,226.0,31.64,59.23,2.32,34.23,254.0
189.42,235.29,21.2,51.98,5.4,36.96,288.0
43.86,95.01,33.86,45.11,5.67,116.72,133.0
220.81,472.61,18.59,33.36,7.03,18.54,356.0
218.6,300.99,28.25,42.64,9.97,149.64,375.0
12.17,27.82,28.44,39.89,0.43,83.18,52.0
207.33,290.51,20.04,57.1,0.75,86.2,278.0
36.57,58.21,21.5,60.08,0.87,60.06,68.0
87.1,132.72,31.7,60.43,7.46,106.64,220.0
187.16,315.18,30.24,49.41,1.45,76.0,322.0
44.39,67.96,21.58,51.06,6.26,56.07,115.0
205.4,377.04,25.68,71.71,3.31,47.12,381.0
208.87,361.27,16.23,53.81,4.63,139.59,332.0
129.33,321.07,19.17,79.39,2.24,50.74,263.0
6.56,8.35,24.72,51.98,8.67,71.1,56.0
75.32,104.31,16.72,62.48,5.9,59.05,148.0
156.15,198.1,31.87,32.52,9.45,22.07,255.0
245.39,494.12,29.36,62.67,5.79,36.03,477.0
159.79,203.08,33.87,72.57,1.33,36.53,275.0
68.65,157.03,28.87,77.12,1.79,107.11,176.0
160.33,299.1,33.81,79.87,9.89,66.92,398.0
137.3,258.82,26.09,44.11,7.28,119.48,278.0
196.06,378.41,27.0,58.77,0.59,109.25,344.0
31.21,44.38,34.54,52.54,7.07,36.89,98.0
191.45,278.94,27.84,58.19,4.18,88.81,308.0
137.61,222.17,15.62,37.87,3.14,114.01,203.0
240.93,475.01,29.48,72.81,1.63,98.63,484.0
88.76,130.76,33.11,75.48,8.42,94.0,211.0
159.99,216.19,30.91,52.48,0.73,113.55,254.0
233.35,574.3,26.68,44.02,2.97,17.95,429.0
30.11,37.0,28.43,37.04,3.13,112.4,77.0
234.62,526.37,34.8,64.19,1.69,48.17,487.0
173.53,386.01,16.81,45.61,5.13,90.06,291.0
21.62,34.3,28.34,75.48,0.22,43.92,47.0
78.74,108.37,20.67,63.55,3.08,127.43,134.0
178.5,248.0,27.8,62.28,9.34,77.28,330.0
21.5,45.3,27.15,57.97,3.17,100.01,71.0
147.63,300.53,18.07,32.29,3.67,121.17,237.0
89.74,199.01,19.13,76.6,4.78,135.34,210.0
157.12,380.04,27.43,61.4,5.66,112.49,341.0
16.21,34.03,17.56,79.7,8.11,30.83,74.0
218.53,306.51,20.3,56.87,1.98,129.63,338.0
243.5,369.27,31.7,65.51,8.73,96.6,479.0
242.38,556.21,21.54,32.81,7.6,95.32,442.0
188.66,277.73,24.76,61.59,7.25,138.99,361.0
36.87,47.72,33.82,68.23,0.96,44.84,62.0
190.77,403.35,19.54,68.93,0.31,43.54,331.0
11.02,19.0,22.79,68.51,5.98,81.85,67.0
10.42,24.97,27.13,41.31,8.65,115.12,82.0
84.28,172.39,30.11,78.77,5.89,72.61,218.0
124.72,164.32,33.03,79.76,2.21,98.74,268.0
193.75,471.24,33.31,33.78,1.0,73.35,351.0
172.41,264.84,30.53,76.82,7.03,95.45,350.0
114.25,187.18,19.57,44.47,7.25,125.12,226.0
72.04,124.12,15.5,64.46,1.81,35.27,114.0
249.3,315.76,22.68,46.91,0.38,107.35,340.0
109.41,201.92,17.83,78.39,4.14,120.24,236.0
115.59,157.24,29.21,35.08,5.87,72.6,197.0
45.09,77.61,28.22,54.89,7.09,55.25,122.0
199.73,330.73,15.88,51.4,8.12,11.9,316.0
174.95,385.72,31.73,46.3,6.14,121.59,357.0
59.09,132.6,19.97,62.28,1.2,55.91,113.0
25.18,35.24,23.64,36.55,6.86,60.02,79.0
171.72,287.9,28.36,65.83,9.84,57.04,329.0
165.36,278.68,23.59,79.03,9.07,79.82,359.0
71.95,100.5,23.83,70.23,8.73,108.35,180.0
237.96,532.56,16.31,73.0,3.09,118.06,452.0
42.01,89.03,23.03,47.98,7.53,64.96,100.0
110.92,160.56,30.3,46.24,8.53,102.83,210.0
236.19,396.02,33.3,55.85,6.82,110.9,446.0
107.83,144.23,23.27,32.29,2.58,51.57,158.0
161.44,325.57,23.47,77.27,9.54,23.53,328.0
102.41,139.05,29.05,37.19,4.56,135.25,190.0
72.18,179.14,33.86,75.15,1.39,104.8,189.0
246.07,545.03,20.34,34.18,1.19,100.74,385.0
105.29,179.76,23.8,71.13,6.51,18.25,213.0
224.05,437.38,30.92,37.6,4.43,124.5,401.0
61.34,146.28,27.19,31.91,1.04,89.25,114.0
57.21,109.86,17.21,65.97,7.43,128.7,158.0
12.63,18.02,27.55,44.01,8.01,146.44,63.0
164.66,278.65,18.73,65.72,7.28,143.99,307.0
95.29,218.79,25.2,57.75,2.1,129.85,210.0
216.77,441.66,25.58,35.44,6.93,11.53,357.0
120.94,247.43,32.52,76.61,0.21,134.0,254.0
242.21,563.58,24.25,52.62,3.12,20.51,449.0
50.45,119.18,20.59,66.72,4.05,129.17,126.0
217.81,521.82,19.62,55.05,8.37,49.22,421.0
195.27,258.4,32.49,60.22,3.96,95.41,339.0
193.88,369.79,18.42,45.14,0.21,15.33,280.0
211.97,458.42,23.52,40.02,3.59,117.97,381.0
191.45,418.13,18.74,57.13,5.04,25.64,340.0
158.42,315.06,30.47,52.01,9.5,67.5,338.0
37.15,52.64,24.49,49.51,9.42,124.44,121.0
12.97,29.01,22.02,63.63,1.89,107.35,61.0
230.61,492.61,22.22,64.53,1.93,10.85,424.0
156.08,204.77,32.04,32.3,1.72,66.42,224.0
200.15,360.86,26.08,46.94,7.91,15.87,353.0
122.97,175.38,29.36,50.59,0.16,104.29,214.0
33.74,55.29,32.94,34.84,1.36,145.65,98.0
35.67,43.64,33.03,41.8,5.43,101.74,93.0
172.96,297.57,21.57,32.58,2.55,41.41,256.0
110.42,211.45,34.05,79.81,1.01,59.73,240.0
54.13,108.55,15.5,66.83,3.66,146.73,143.0
125.44,258.73,22.54,34.37,2.81,41.37,209.0
20.73,47.42,32.92,31.01,5.16,88.61,80.0
147.58,218.44,20.49,65.96,9.79,66.06,280.0
70.9,96.19,20.46,51.96,1.33,117.56,123.0
200.4,462.33,21.05,69.34,3.79,131.43,414.0
81.04,113.75,27.25,76.17,9.33,57.72,193.0
116.53,287.5,23.77,59.97,8.78,102.46,280.0
7.85,18.01,29.53,39.36,4.0,86.87,68.0
22.75,42.11,32.9,69.11,7.02,48.98,99.0
101.16,250.46,28.48,77.79,0.97,48.07,225.0
122.59,162.62,19.09,59.01,7.15,85.41,210.0
152.01,242.29,33.65,64.1,9.73,31.56,329.0
76.46,155.18,20.29,46.87,5.42,123.51,157.0
175.27,290.07,18.0,49.08,5.04,19.66,249.0
215.73,519.24,16.8,66.73,1.95,23.24,379.0
196.06,252.0,26.27,76.39,6.37,57.91,328.0
14.71,28.15,17.28,61.45,5.95,26.53,44.0
122.72,241.54,17.78,69.49,6.55,76.6,235.0
30.71,62.91,21.0,38.58,0.36,65.95,72.0
64.3,98.53,20.63,40.6,5.53,111.05,128.0
246.73,413.01,27.08,56.6,5.99,143.42,441.0
39.91,91.67,31.33,38.83,2.15,115.5,88.0
127.23,184.92,30.23,61.75,2.16,35.12,214.0
156.45,355.91,20.25,44.58,2.83,140.97,270.0
177.1,342.07,19.91,69.58,7.15,64.9,337.0
142.11,311.35,34.32,70.41,6.1,76.39,363.0
7.39,15.73,15.16,53.19,8.47,69.02,69.0
84.98,124.91,32.59,39.04,3.03,49.28,143.0
131.84,255.7,18.99,62.34,9.13,135.31,287.0
26.53,61.76,33.95,79.64,7.46,56.51,113.0
90.9,160.15,21.85,61.13,4.01,91.0,171.0
13.13,32.27,23.81,31.79,1.04,43.6,51.0
24.25,43.36,29.14,30.86,2.64,121.63,59.0
102.25,141.67,26.75,46.02,9.57,118.39,206.0
37.52,64.01,21.36,39.79,3.17,51.48,78.0
144.05,351.07,26.08,70.65,3.37,105.42,318.0
173.92,280.99,29.61,72.24,1.98,108.54,336.0
201.14,468.37,15.85,42.93,8.09,88.75,353.0
54.04,126.75,15.22,46.28,2.83,94.08,119.0
46.03,76.2,24.16,41.81,3.37,90.42,103.0
30.62,40.06,17.64,75.42,4.2,21.46,66.0
160.93,344.69,28.29,55.13,4.39,103.84,345.0
178.09,285.82,19.28,62.81,4.17,75.77,287.0
12.74,28.25,23.66,50.77,5.09,71.38,74.0
234.37,416.12,18.95,61.55,8.16,130.4,430.0
17.73,32.47,25.97,49.29,8.21,13.25,89.0
137.62,304.31,17.32,46.98,8.0,45.18,257.0
178.72,303.3,15.46,61.72,1.1,27.0,256.0
218.39,387.87,16.02,59.55,8.02,14.95,376.0
179.95,303.95,34.09,44.68,1.29,48.59,296.0
201.42,337.9,17.85,37.47,1.33,148.39,281.0
88.17,166.08,29.17,48.43,9.48,47.83,199.0
204.63,460.72,16.36,50.76,8.21,102.92,366.0
24.63,41.14,17.16,61.43,5.57,26.56,73.0
224.23,421.9,25.18,75.73,8.76,94.26,458.0
139.16,288.33,24.3,31.81,9.89,147.83,273.0
205.24,318.17,34.03,42.18,6.15,50.86,358.0
115.82,180.77,33.9,39.69,6.17,128.73,235.0
162.68,392.61,30.59,55.11,7.57,149.66,385.0
133.97,286.77,27.04,51.49,2.4,92.4,261.0
184.24,359.33,24.1,66.45,1.75,53.32,333.0
25.0,51.05,22.12,42.12,7.62,104.29,88.0
19.79,24.5,33.94,59.72,3.51,128.28,79.0
65.54,131.31,27.06,74.19,1.44,33.99,141.0
44.09,82.11,26.58,75.53,3.22,73.35,112.0
218.59,417.39,19.64,77.94,3.65,54.69,404.0
58.71,97.88,15.93,68.66,9.66,49.67,135.0
244.09,318.76,33.9,75.3,7.01,130.51,465.0
87.54,127.05,21.27,41.73,5.36,69.03,142.0
49.62,120.87,23.85,39.88,9.69,57.47,133.0
198.48,343.62,17.29,30.32,9.04,94.49,313.0
166.38,300.6,31.74,65.34,5.17,40.72,337.0
127.06,161.18,15.55,76.87,9.07,42.19,215.0
141.06,176.17,31.68,39.35,4.1,82.84,227.0
181.2,386.39,17.81,61.85,2.38,67.3,315.0
60.97,115.82,32.73,67.32,2.4,51.3,131.0
249.1,463.66,29.6,76.38,6.66,17.55,484.0
243.82,369.65,18.29,62.34,5.06,82.91,391.0
164.33,356.3,26.32,78.51,6.62,124.33,371.0
53.89,76.45,21.25,47.23,6.89,129.19,127.0
171.66,248.37,18.56,47.5,0.32,42.96,219.0
22.69,40.82,32.18,57.15,0.63,93.95,70.0
12.51,19.67,23.07,49.18,5.37,129.82,66.0
68.13,103.68,22.97,30.07,1.99,67.22,104.0
118.34,241.28,18.4,66.59,6.36,140.5,253.0
217.73,445.53,22.66,67.59,5.57,136.42,436.0
183.16,416.11,32.43,67.35,5.9,39.14,409.0
186.96,325.88,22.26,47.25,3.09,46.26,292.0
109.25,141.47,34.03,56.11,6.43,35.26,201.0
89.75,139.64,33.93,48.0,8.31,37.45,175.0
95.9,237.27,17.9,30.8,9.98,137.1,198.0
246.97,487.81,18.55,58.12,8.4,140.36,458.0
14.83,31.47,32.25,36.19,5.62,17.27,53.0
217.42,262.99,22.86,34.0,2.01,93.1,270.0
146.78,275.01,15.09,67.77,6.85,88.99,260.0
112.46,140.44,20.48,30.48,9.38,64.68,160.0
182.69,354.41,26.95,77.95,2.2,98.44,363.0
124.23,297.79,30.99,55.76,2.63,142.63,293.0
218.99,538.48,17.67,79.15,1.58,33.84,425.0
225.67,429.39,17.21,32.9,7.39,26.86,337.0
108.32,194.51,33.44,59.18,4.12,14.67,207.0
72.82,176.85,30.02,47.47,0.72,60.94,157.0
150.13,311.62,26.8,72.17,8.76,57.27,336.0
228.53,293.52,30.38,48.06,5.62,70.31,345.0
56.61,102.21,23.58,43.02,3.38,80.46,111.0
157.63,238.38,30.17,72.88,3.51,116.1,326.0
159.73,289.23,22.44,48.73,2.97,64.9,281.0
184.61,330.85,19.88,30.84,4.61,56.29,275.0
37.23,72.86,29.58,49.51,3.44,125.76,104.0
180.38,300.11,23.39,62.73,5.52,128.97,336.0
227.71,321.88,34.63,42.72,7.76,42.59,382.0
49.02,90.93,21.99,51.6,6.78,54.05,117.0
63.2,144.05,33.43,32.84,3.02,125.52,151.0
242.99,501.34,33.66,59.4,5.33,21.12,487.0
49.34,80.91,19.84,67.81,8.42,55.62,126.0
214.32,517.85,30.96,50.67,0.78,72.77,410.0
125.61,299.68,23.66,51.01,0.88,36.19,225.0
65.57,96.53,33.35,34.41,5.61,35.19,134.0
218.33,273.19,24.0,40.1,6.43,69.48,310.0
114.1,246.88,29.89,37.73,2.19,115.63,224.0
131.13,298.44,24.34,54.08,7.48,127.63,288.0
93.01,228.64,19.56,56.46,6.5,147.09,212.0
150.27,354.16,18.99,77.45,9.24,20.36,331.0
45.06,89.26,23.51,33.66,1.77,40.34,70.0
100.81,190.45,30.11,59.99,7.54,115.93,229.0
242.51,299.78,27.1,56.32,0.93,85.68,366.0
68.24,103.77,28.77,55.81,5.7,55.88,141.0
165.9,298.21,20.65,73.66,5.56,38.78,300.0
84.67,170.79,24.63,40.28,3.95,49.27,173.0
194.5,374.3,15.89,32.04,8.46,70.1,307.0
37.06,80.26,31.35,63.61,0.14,34.8,75.0
242.61,379.36,34.8,47.26,5.25,144.99,439.0
116.18,224.74,23.14,30.88,2.25,25.06,174.0
62.83,82.6,15.22,42.57,7.46,147.98,124.0
23.01,39.98,18.4,45.47,0.53,127.87,62.0
46.59,101.34,28.05,60.84,8.33,69.24,142.0
132.34,278.11,27.24,38.63,8.4,113.57,273.0
87.57,217.85,30.76,50.65,8.35,104.01,243.0
208.08,324.86,20.08,54.12,1.61,39.86,312.0
110.57,204.29,30.27,52.96,6.34,57.47,222.0
65.93,107.37,28.76,78.7,0.24,81.84,139.0
156.2,276.91,21.46,32.28,8.49,99.3,251.0
178.16,412.27,25.91,77.55,7.26,86.01,419.0
45.93,95.96,17.95,59.1,5.36,76.22,115.0
46.07,108.13,24.05,69.79,7.33,72.04,147.0
13.98,20.48,32.62,51.52,1.03,79.76,41.0
185.42,433.02,23.42,52.69,5.33,70.81,382.0
167.63,214.18,31.79,73.97,2.98,85.79,292.0
121.28,285.65,26.81,74.8,9.73,134.32,338.0
211.82,344.8,18.84,41.93,8.59,98.6,323.0
202.39,325.64,26.62,39.96,7.36,111.17,344.0
148.41,276.89,25.12,54.81,9.34,93.65,308.0
217.73,527.53,22.97,75.01,3.53,100.02,467.0
55.43,69.96,17.39,46.12,9.02,90.97,118.0
32.42,53.75,23.33,62.6,3.32,13.76,71.0
71.09,164.47,16.46,65.41,7.35,149.94,189.0
18.99,32.56,16.98,68.93,7.39,14.71,86.0
135.14,197.15,23.32,58.2,0.28,65.32,197.0
234.47,410.84,21.11,50.12,3.67,24.72,355.0
14.64,24.9,33.51,78.35,0.29,23.57,37.0
34.92,83.45,22.51,60.57,9.97,121.09,136.0
115.79,253.64,30.16,66.43,1.31,69.63,243.0
233.8,434.08,25.6,47.25,5.47,122.16,420.0
82.46,204.9,29.08,63.5,7.93,48.19,191.0
129.27,233.32,20.2,42.89,2.09,45.9,193.0
15.19,19.37,33.84,42.25,4.9,45.17,38.0
41.34,63.71,25.6,65.74,6.11,96.26,106.0
246.72,435.94,31.63,56.07,1.69,124.1,469.0
241.45,339.0,22.3,64.16,7.81,73.32,404.0
6.21,15.1,17.0,43.47,3.06,63.09,44.0
238.19,523.29,28.47,59.94,2.19,146.3,477.0
161.58,250.26,15.16,52.2,5.63,26.35,247.0
217.64,428.33,24.51,59.85,4.16,78.13,381.0
116.41,248.87,18.86,44.54,9.21,67.19,241.0
131.32,318.28,27.55,65.77,8.81,23.74,303.0
124.77,292.72,34.59,70.3,4.89,47.55,297.0
168.38,314.83,24.29,43.0,3.66,13.98,275.0
39.21,86.55,31.35,45.03,3.32,132.77,116.0
12.34,23.83,25.16,63.06,2.75,95.1,57.0
80.44,154.33,24.92,64.78,5.49,124.1,178.0
177.65,239.67,33.61,65.2,8.07,83.02,346.0
54.45,74.27,32.8,64.13,3.18,93.93,134.0
169.99,321.01,30.72,49.64,1.98,108.12,307.0
242.63,375.96,20.93,49.74,4.81,137.12,392.0
28.01,34.37,25.9,42.74,0.78,22.85,35.0
169.79,363.29,19.48,37.84,7.04,56.33,291.0
113.72,141.27,23.88,64.63,5.23,109.26,223.0
217.69,429.7,24.68,34.66,5.01,144.17,361.0
48.4,92.01,31.63,76.89,3.07,147.31,156.0
174.69,429.65,32.92,71.33,9.06,99.33,470.0
210.34,384.81,23.29,72.88,1.0,37.1,368.0
236.43,303.27,15.35,75.33,8.71,26.69,361.0
172.4,330.52,32.24,50.43,3.83,142.45,334.0
126.81,290.82,18.49,72.34,8.82,70.75,300.0
156.37,390.29,27.44,37.9,7.31,37.27,326.0
217.88,383.35,15.5,31.08,1.13,140.74,311.0
144.8,234.05,22.99,69.24,8.33,24.63,275.0
12.44,29.6,34.72,33.74,6.85,112.14,89.0
233.08,337.65,17.01,79.43,0.42,97.54,362.0
173.93,347.88,23.47,63.74,1.42,22.28,296.0
170.75,294.95,21.14,67.67,6.39,57.42,323.0
57.84,72.5,33.1,42.29,6.66,30.99,136.0
166.43,274.85,32.39,63.69,7.49,94.63,333.0
101.5,156.79,19.75,32.16,7.23,76.8,158.0
164.55,344.23,16.62,71.89,6.63,10.6,310.0
31.12,75.72,27.54,38.48,7.69,146.6,128.0
166.17,257.31,21.73,64.87,5.79,58.94,276.0
249.86,563.4,28.44,41.22,2.68,46.15,445.0
16.81,21.38,15.64,33.42,9.13,41.14,57.0
244.41,464.27,17.67,54.07,0.28,32.23,375.0
104.69,135.23,28.73,38.46,3.73,149.88,174.0
218.33,527.11,19.25,66.47,7.32,51.32,449.0
196.68,431.97,32.15,41.88,4.33,66.77,374.0
143.92,295.8,16.17,47.12,0.35,131.99,226.0
185.92,422.24,19.31,58.37,0.75,99.86,336.0
220.24,449.67,34.97,44.25,6.52,61.62,409.0
104.01,255.84,23.66,48.9,9.65,135.77,250.0
85.12,181.15,29.06,70.78,5.56,114.96,223.0
168.56,404.89,18.65,38.96,5.12,41.91,275.0
202.92,379.93,27.2,34.11,3.25,100.12,304.0
191.76,259.29,29.52,46.42,2.64,139.14,283.0
200.46,378.2,21.29,51.22,0.31,79.5,332.0
111.72,152.49,31.58,57.13,2.8,112.71,206.0
205.37,404.63,27.07,48.62,4.55,145.95,378.0
34.45,62.95,22.78,69.5,2.06,106.66,100.0
138.4,278.09,26.15,31.97,0.96,24.34,209.0
6.41,7.78,26.54,51.59,7.21,44.24,57.0
84.52,122.84,18.31,49.11,8.96,93.31,168.0
94.78,174.28,23.05,62.38,9.37,48.58,206.0
102.06,248.59,21.87,78.31,6.22,144.06,269.0
175.39,297.93,23.02,55.52,0.62,66.75,286.0
100.2,175.51,30.22,79.34,7.43,74.01,242.0
114.93,244.7,24.65,45.11,1.19,108.22,207.0
63.2,125.44,33.81,31.54,6.73,83.39,146.0
96.45,153.22,20.87,38.28,7.82,63.5,149.0
60.68,105.22,23.31,49.76,7.29,20.73,132.0
22.93,34.01,30.74,45.82,9.52,93.5,90.0
152.84,375.36,25.92,34.85,7.41,131.46,319.0
168.71,231.11,25.94,51.63,6.96,106.01,288.0
156.78,263.91,16.07,46.91,2.69,63.41,232.0
118.56,146.25,22.97,36.13,9.26,27.88,194.0
98.05,145.93,20.41,44.81,1.88,124.29,150.0
216.52,479.5,34.99,74.32,9.06,141.84,500.0
132.18,193.18,21.17,45.1,3.2,64.36,201.0
122.4,159.62,32.69,65.7,1.39,112.01,220.0
11.28,20.5,28.52,60.6,8.28,67.51,69.0
88.61,107.48,21.82,51.36,0.12,80.32,133.0
98.15,128.59,25.87,41.95,8.34,127.11,198.0
102.71,231.09,31.81,48.45,2.7,21.68,205.0
147.14,324.14,32.67,59.61,8.86,84.25,337.0
135.73,324.36,18.21,47.54,6.95,40.05,253.0
153.94,355.73,21.79,40.74,6.7,57.57,286.0
192.4,401.75,21.7,35.82,3.72,100.22,324.0
204.18,258.91,15.84,73.99,0.69,13.81,262.0
180.94,401.27,26.96,52.02,8.32,93.14,371.0
239.1,549.74,32.1,61.26,1.79,49.68,482.0
9.47,21.19,22.63,54.52,3.79,103.73,55.0
52.97,98.57,29.8,73.63,6.04,29.82,125.0
6.85,10.3,27.55,57.35,4.87,113.01,58.0
163.63,376.18,22.51,54.04,2.07,100.39,307.0
225.02,482.73,17.82,76.23,1.49,145.97,420.0
64.65,160.02,29.19,65.98,1.32,137.57,167.0
232.12,325.53,32.09,35.58,8.64,49.66,361.0
19.77,29.52,28.72,38.89,0.41,13.82,37.0
233.94,345.14,15.36,69.36,9.77,101.75,382.0
91.15,203.29,19.32,71.79,2.07,94.4,193.0
29.85,43.07,16.39,57.26,1.19,13.84,39.0
124.04,159.6,26.41,57.72,5.81,27.17,202.0
67.91,169.65,30.13,61.6,0.89,91.86,164.0
74.79,92.17,17.21,51.96,6.06,137.66,146.0
80.29,183.52,31.77,64.01,8.52,136.91,233.0
201.74,337.91,26.11,35.42,0.57,31.21,284.0
137.09,314.51,28.8,78.06,8.02,63.84,327.0
81.27,156.12,34.43,67.51,4.01,16.05,193.0
154.53,366.57,16.67,61.56,1.68,75.7,292.0
180.46,433.83,33.02,45.82,1.84,115.43,377.0
71.79,87.0,17.52,38.05,9.2,120.6,125.0
106.32,138.01,22.86,50.47,1.19,79.86,153.0
34.86,53.18,32.03,63.08,8.68,23.42,108.0
49.38,102.23,33.13,61.69,5.49,63.39,119.0
171.87,404.72,25.13,49.13,0.49,140.49,338.0
49.45,88.91,26.88,60.66,4.7,42.15,129.0
133.67,265.87,29.16,70.69,8.19,54.77,325.0
178.72,258.25,31.66,31.31,7.29,114.56,285.0
31.18,70.06,17.43,52.53,4.94,112.7,95.0
143.99,353.86,31.2,67.93,8.61,137.71,392.0
67.86,105.12,24.63,57.31,1.29,64.34,117.0
240.92,444.08,24.01,62.57,9.11,82.04,449.0
123.47,161.98,23.48,55.83,8.48,75.43,205.0
202.47,390.13,25.18,79.59,7.11,139.89,450.0
139.81,259.15,33.9,32.73,8.2,117.71,278.0
15.64,21.7,25.96,54.55,5.48,126.4,69.0
160.12,284.17,34.06,34.57,6.78,28.63,286.0
238.09,389.13,18.61,37.99,5.65,120.86,352.0
152.39,286.26,29.48,49.15,3.62,70.62,281.0
205.7,403.45,31.24,37.78,5.73,13.27,354.0
221.63,268.4,28.58,78.18,2.65,18.41,373.0
60.88,133.28,27.14,77.34,4.46,104.91,167.0
56.95,121.13,26.3,46.81,2.88,62.08,137.0
154.69,259.29,32.22,61.99,1.32,131.54,302.0
105.7,134.12,31.43,56.69,3.29,112.8,198.0
210.77,459.77,17.45,70.78,8.53,13.04,405.0
225.51,550.62,31.97,61.37,3.87,106.16,500.0
91.59,138.5,23.28,30.01,7.51,36.93,155.0
63.03,102.15,20.07,68.16,1.83,69.16,109.0
196.23,282.36,32.4,67.34,4.3,97.46,353.0
72.33,141.04,23.64,55.49,1.24,132.18,153.0
206.54,289.42,31.17,75.15,1.47,73.85,353.0
108.82,180.97,20.27,75.42,6.21,123.19,230.0
168.55,354.99,15.08,56.2,6.11,119.62,318.0
28.41,54.77,24.91,60.4,2.21,68.04,76.0
157.85,268.72,17.0,79.83,4.8,80.14,282.0
115.68,202.02,30.09,44.94,8.65,108.07,258.0
148.72,287.14,20.52,46.23,1.82,14.36,236.0
46.16,55.75,23.87,39.14,0.29,134.71,92.0
185.53,241.58,16.74,74.79,6.55,117.77,288.0
216.39,507.56,20.73,67.22,0.63,44.92,407.0
58.1,75.6,30.63,35.28,9.8,147.37,160.0
28.45,60.28,18.03,79.09,6.14,35.11,107.0
10.79,25.86,27.94,66.55,4.76,137.97,64.0
162.28,251.85,33.35,72.53,4.36,55.43,330.0
153.74,258.53,28.6,32.41,5.77,116.84,280.0
138.94,269.49,31.22,55.25,1.0,73.89,240.0
61.83,145.06,17.18,64.93,9.31,113.11,180.0
100.77,244.32,20.01,57.15,6.29,31.81,219.0
150.65,325.61,32.89,63.33,1.92,47.73,307.0
126.71,166.32,29.3,70.89,5.67,23.98,227.0
247.01,511.28,27.79,48.72,1.42,131.12,451.0
38.43,66.61,28.28,72.43,0.27,51.48,73.0
175.31,317.65,23.28,38.15,6.34,107.23,294.0
104.06,131.52,15.89,43.54,6.52,124.83,178.0
109.91,159.19,30.69,32.17,5.88,136.2,218.0
180.81,402.79,28.57,48.22,1.92,24.88,334.0
174.65,312.64,24.46,49.0,6.07,135.02,320.0
247.86,394.63,33.0,70.26,0.66,37.62,431.0
36.46,61.95,21.72,62.66,6.13,113.17,100.0
30.51,70.49,20.89,51.84,5.58,112.04,111.0
182.46,396.62,32.46,62.61,6.59,11.19,387.0
146.7,227.98,30.94,32.64,8.97,40.89,265.0
72.17,97.63,25.3,39.01,8.52,78.87,144.0
24.46,37.36,17.61,61.35,9.81,68.8,89.0
25.99,62.29,19.3,62.07,9.76,138.6,126.0
224.08,438.31,28.12,68.71,7.75,60.36,456.0
52.01,98.48,22.7,50.15,9.57,141.18,142.0
84.23,166.37,31.73,66.13,8.69,74.32,240.0
60.53,101.44,34.0,64.2,7.3,145.01,174.0
91.97,206.87,31.11,78.17,0.85,113.23,231.0
22.01,41.38,22.55,40.76,0.59,126.11,66.0
132.17,178.66,30.77,57.58,8.39,24.68,233.0
21.57,29.5,22.03,60.09,4.95,92.06,64.0
201.09,381.65,18.34,79.93,8.16,29.98,384.0
62.26,150.51,15.67,40.06,3.2,51.67,109.0
137.3,219.8,22.71,56.16,4.04,97.3,256.0
220.62,514.13,33.07,47.31,7.03,111.67,467.0
164.46,360.72,19.78,56.29,9.16,15.49,326.0
135.57,206.37,19.13,41.61,0.97,84.33,197.0
84.46,105.34,34.4,32.38,8.63,89.14,173.0
86.59,115.37,15.5,58.63,7.95,21.04,151.0
169.02,362.9,30.72,46.79,3.22,80.1,337.0
248.56,362.8,21.43,39.1,3.62,109.94,342.0
167.15,281.26,15.75,46.2,0.56,17.45,242.0
141.66,262.38,33.36,32.46,0.26,116.44,227.0
184.01,394.35,17.79,77.52,4.82,90.7,374.0
118.98,160.28,26.04,59.06,1.05,126.65,186.0
19.73,34.11,20.48,70.74,2.02,40.53,47.0
142.76,261.34,16.3,51.16,8.48,126.66,264.0
239.62,456.01,16.0,75.17,5.75,23.24,413.0
47.95,108.55,17.31,54.17,6.37,66.54,118.0
174.05,247.71,16.43,58.7,1.96,37.93,230.0
54.23,122.02,30.21,54.59,8.3,132.64,163.0
136.28,286.28,24.71,66.66,8.69,108.69,317.0
28.69,55.15,21.86,58.33,5.28,13.55,75.0
115.34,243.3,23.37,43.58,9.13,11.33,219.0
190.26,330.22,33.58,37.28,8.46,50.77,356.0
90.16,124.41,33.22,60.31,7.34,30.06,175.0
167.9,346.8,29.31,54.46,7.37,98.24,348.0
199.89,376.2,32.69,34.8,1.14,102.93,330.0
232.16,471.56,21.39,49.78,2.78,141.87,407.0
62.49,102.44,22.62,55.74,0.76,143.29,124.0
102.83,244.63,27.27,71.34,0.19,102.25,227.0
42.34,83.14,27.47,33.81,1.67,10.79,55.0
248.16,325.34,24.63,47.42,8.82,60.26,387.0
232.12,414.27,23.01,71.13,2.47,81.84,410.0
137.29,299.74,34.72,62.42,9.7,79.89,344.0
211.3,471.7,31.42,44.5,6.01,94.47,413.0
132.63,244.44,23.7,72.27,2.45,144.48,260.0
157.78,372.86,29.55,54.66,5.02,133.93,365.0
26.84,41.54,20.39,54.92,2.27,25.25,36.0
190.04,329.49,17.0,78.83,9.84,47.24,350.0
36.29,85.94,22.05,77.36,8.49,126.64,160.0
207.39,490.5,23.06,47.93,0.36,125.4,384.0
196.6,411.17,15.33,37.03,9.48,48.55,317.0
178.64,413.86,31.3,46.28,7.24,112.28,395.0
13.86,18.23,22.18,31.52,0.92,104.09,43.0
79.27,184.25,26.61,31.04,6.74,76.29,173.0
69.46,112.31,16.48,49.78,6.5,38.2,131.0
93.23,133.49,18.5,77.05,2.27,134.41,181.0
26.47,40.0,32.79,73.57,7.61,104.9,121.0
234.55,408.91,27.17,55.57,0.96,33.66,403.0
140.68,214.76,34.01,58.26,4.95,108.67,276.0
79.85,129.1,34.98,30.3,0.2,113.8,136.0
102.26,140.66,22.44,40.78,9.69,134.16,186.0
114.56,181.59,20.98,31.24,7.54,41.2,182.0
152.15,295.77,32.17,67.73,1.67,148.43,343.0
131.34,233.05,34.97,37.28,3.48,31.48,238.0
230.25,380.08,27.59,73.45,1.69,94.1,411.0
126.76,275.11,30.9,62.17,7.69,102.0,304.0
248.08,585.85,30.63,41.47,0.68,68.65,442.0
213.6,466.46,22.11,37.89,8.42,76.51,369.0
56.09,91.51,26.49,61.38,9.43,134.73,168.0
233.0,505.08,31.66,75.04,6.8,100.34,500.0
33.51,46.83,28.76,65.92,2.21,79.58,71.0
205.28,281.11,15.42,47.43,3.66,27.97,273.0
98.25,162.05,21.73,59.37,4.82,11.03,171.0
220.1,495.24,17.89,45.54,6.09,27.5,357.0
217.67,330.92,19.66,79.96,6.72,143.87,381.0
202.45,259.59,33.11,67.44,5.59,116.97,367.0
198.56,272.27,15.74,60.72,3.58,145.4,285.0
79.65,184.49,19.4,51.16,8.92,15.0,157.0
24.83,50.24,21.19,60.91,0.91,105.23,78.0
103.73,158.62,27.34,47.08,4.72,16.2,174.0
47.51,91.32,25.68,31.44,7.78,119.49,123.0
175.26,330.52,19.37,49.75,0.7,63.33,270.0
89.79,184.26,18.28,76.52,7.08,23.41,185.0
244.02,366.8,19.74,61.32,8.22,89.53,405.0
162.04,376.53,25.05,34.2,6.64,49.22,297.0
206.51,330.86,20.42,74.25,0.23,102.34,334.0
37.47,78.77,33.95,43.44,1.88,102.14,90.0
216.19,263.96,24.28,42.19,3.49,108.7,291.0
231.08,389.24,16.18,44.85,2.41,148.95,336.0
124.33,206.04,29.59,58.86,9.63,64.14,263.0
153.53,292.71,21.58,57.23,6.55,75.14,284.0
192.38,249.04,28.07,54.57,3.04,122.65,310.0
47.84,106.54,20.59,65.88,9.3,90.97,149.0
128.13,190.03,26.41,45.83,7.43,15.22,219.0
102.67,213.57,30.44,69.1,2.92,128.03,249.0
40.86,91.7,33.56,38.77,3.85,17.21,100.0
95.05,183.48,20.22,69.13,2.07,33.91,183.0
21.7,46.95,21.7,63.19,9.71,24.29,84.0
11.32,23.33,24.29,64.16,5.22,20.91,47.0
38.12,63.36,33.54,54.08,8.97,13.6,121.0
240.96,542.53,33.03,63.35,3.53,17.7,500.0
139.63,221.06,16.8,33.99,8.62,71.94,211.0
241.63,469.38,17.64,72.58,0.63,45.4,412.0
110.96,240.68,24.91,32.78,9.82,27.72,209.0
81.39,137.77,17.13,37.44,9.13,102.22,166.0
129.0,205.58,21.91,58.84,3.7,41.66,215.0
112.68,202.5,17.97,66.97,7.77,12.65,201.0
30.89,69.91,27.72,33.81,7.55,68.58,94.0
162.0,390.25,33.99,76.04,9.02,53.46,442.0
57.93,110.56,34.93,78.68,3.14,54.6,149.0
156.8,322.99,22.5,60.3,4.71,72.34,323.0
164.3,390.09,26.98,54.06,8.66,103.65,351.0
42.25,56.11,32.13,67.07,7.81,96.31,141.0
20.03,30.08,17.35,46.42,4.0,141.22,44.0
196.29,416.44,28.79,54.66,8.47,82.48,406.0
117.65,267.17,23.18,75.81,0.56,76.16,249.0
19.25,44.55,19.12,77.78,7.84,39.88,95.0
248.74,432.72,23.06,76.35,2.15,115.75,443.0
19.16,25.21,16.52,43.12,2.93,29.71,51.0
175.28,310.1,28.91,41.62,4.98,78.76,298.0
246.0,368.99,20.05,44.88,4.55,68.99,351.0
63.6,100.39,21.23,52.07,5.25,102.16,130.0
39.85,87.83,17.42,45.71,5.49,138.47,99.0
34.74,45.1,32.29,48.71,3.38,142.52,113.0
79.3,180.48,24.87,61.03,1.83,33.49,160.0
29.76,52.25,26.44,68.13,7.71,46.65,113.0
174.58,344.77,26.39,66.78,4.06,123.63,365.0
20.26,26.68,23.21,70.72,5.11,82.56,65.0
129.81,212.7,18.85,31.61,6.48,73.42,213.0
249.19,328.09,29.9,32.39,9.11,109.49,386.0
204.42,500.84,17.54,69.47,7.1,94.27,414.0
155.73,350.3,17.08,56.65,0.55,145.9,287.0
80.03,143.86,29.2,58.91,8.4,91.76,188.0
157.85,235.31,19.18,32.63,9.89,75.24,261.0
134.13,323.71,21.14,42.77,4.78,85.99,266.0
109.39,180.27,24.5,61.92,9.7,123.2,245.0
37.02,52.18,23.99,72.96,5.52,95.77,120.0
222.22,429.35,29.17,75.85,4.65,100.59,446.0
115.2,279.57,27.47,55.02,3.38,146.0,255.0
52.68,63.48,27.89,57.27,6.61,96.58,125.0
95.1,143.56,29.28,71.65,2.38,63.24,205.0
106.46,257.64,20.85,56.88,1.14,106.79,203.0
207.75,295.5,21.45,55.84,0.37,102.32,287.0
184.74,248.88,23.76,75.25,2.99,11.94,280.0
193.48,375.59,21.15,69.5,4.02,75.43,368.0
7.7,17.87,34.7,75.45,5.57,114.01,73.0
106.96,194.69,31.28,40.91,3.0,79.87,196.0
122.93,306.45,18.29,56.22,9.84,119.15,290.0
9.7,20.21,15.11,72.12,2.99,73.12,44.0
68.65,89.0,15.86,35.56,4.47,147.67,122.0
191.27,476.4,19.88,69.73,1.12,51.0,380.0
38.59,66.77,17.29,39.15,2.68,22.9,62.0
136.15,214.25,25.67,70.41,0.58,70.2,233.0
57.72,111.13,32.16,60.6,5.64,85.84,156.0
7.97,12.72,29.74,39.66,7.54,58.87,69.0
64.09,84.12,19.31,53.67,2.04,43.92,92.0
244.09,293.36,22.99,64.1,3.74,104.09,339.0
201.38,359.35,25.16,61.69,0.26,62.8,345.0
240.1,549.32,31.2,51.36,8.41,98.39,500.0
124.52,242.08,31.78,74.97,7.82,119.07,314.0
31.89,79.68,33.19,55.96,0.73,116.54,97.0
139.25,219.03,25.18,55.29,3.71,62.54,231.0
116.32,182.0,28.89,33.11,9.56,89.51,225.0
211.87,298.24,17.24,76.11,3.98,72.95,346.0
29.03,41.03,26.31,38.86,5.31,131.91,89.0
124.62,195.74,19.97,56.42,3.62,133.03,243.0
41.76,93.16,23.63,70.18,6.0,58.12,106.0
84.55,201.01,27.68,40.77,9.78,22.84,199.0
185.65,458.12,20.14,56.37,9.98,33.46,369.0
121.62,182.68,16.04,42.03,7.77,61.38,202.0
97.09,227.75,15.2,67.98,4.1,88.99,188.0
101.65,165.35,15.44,58.22,4.99,101.95,168.0
117.56,158.32,15.17,72.8,3.63,56.39,181.0
197.33,459.98,17.21,74.73,9.86,103.45,429.0
223.56,453.14,19.79,62.44,7.11,141.28,421.0
239.06,338.06,19.42,66.27,4.54,101.28,371.0
197.79,347.87,34.74,57.46,0.22,32.2,345.0
82.27,129.45,21.12,49.22,5.25,91.15,153.0
173.59,374.58,17.55,62.41,9.84,85.87,364.0
112.21,200.8,25.91,75.41,5.28,131.9,260.0
67.39,167.55,32.16,50.83,1.91,59.04,150.0
211.01,268.23,28.56,45.72,0.32,69.21,316.0
14.41,23.95,20.92,49.42,3.61,93.81,60.0
225.93,412.66,26.23,51.77,9.19,83.42,407.0
118.06,218.9,29.3,33.68,9.97,110.66,246.0
161.11,259.51,29.56,54.92,9.46,15.65,309.0
166.54,357.73,28.33,54.72,7.32,88.89,343.0
224.3,524.24,32.42,59.42,5.63,27.03,465.0
160.98,389.64,32.4,48.14,5.95,54.13,347.0
155.41,349.16,26.58,60.66,5.44,102.63,330.0
21.33,49.18,23.6,73.91,7.1,32.04,102.0
132.01,252.89,27.83,77.77,4.25,53.24,287.0
41.79,95.02,31.36,59.18,6.73,108.42,135.0
185.67,296.06,15.11,32.13,1.3,101.11,245.0
130.49,224.19,34.84,78.46,2.73,22.75,279.0
171.66,276.71,18.66,65.29,8.38,90.82,297.0
15.21,27.49,24.4,46.8,9.05,30.62,63.0
25.77,40.5,32.44,37.36,5.44,45.32,73.0
180.5,442.24,19.5,37.17,0.41,74.29,299.0
22.66,36.41,24.54,38.39,9.28,25.31,78.0
22.46,29.81,17.65,32.28,7.05,149.11,77.0
7.97,15.02,22.9,75.11,4.2,33.15,41.0
239.34,304.98,18.54,57.04,6.02,119.38,360.0
185.69,249.51,22.27,65.0,4.35,126.18,320.0
91.55,135.97,22.47,71.41,4.71,149.22,190.0
77.65,140.06,34.86,69.58,8.88,70.01,237.0
90.68,159.88,34.9,74.13,1.69,132.37,231.0
194.79,436.25,17.3,78.36,1.13,144.06,398.0
167.04,361.02,29.52,51.95,0.13,34.21,308.0
50.37,88.36,16.03,77.52,3.21,77.12,131.0
47.66,77.86,15.6,66.16,1.56,18.4,76.0
29.11,46.9,17.11,33.53,2.28,96.9,53.0
166.77,367.94,34.31,64.09,0.21,91.4,346.0
192.27,243.74,33.82,64.34,2.35,38.58,306.0
69.94,85.09,18.88,75.29,3.39,121.71,140.0
10.13,22.64,18.23,48.65,0.41,15.22,24.0
25.13,45.75,19.81,59.25,6.12,122.87,95.0
242.13,331.75,25.31,30.61,5.73,13.73,324.0
77.38,116.56,26.39,46.6,1.06,101.96,135.0
193.46,466.67,19.43,33.11,5.99,21.03,342.0
158.04,366.24,30.13,56.09,9.99,45.17,366.0
98.58,209.25,21.19,70.87,9.45,111.07,256.0
55.39,101.2,33.44,40.32,0.13,49.26,100.0
34.74,65.19,28.13,56.37,7.97,81.56,101.0
155.68,384.19,23.73,40.2,3.6,138.13,286.0
194.79,478.3,30.8,36.03,0.73,16.95,369.0
162.76,240.86,31.36,55.55,3.03,123.55,286.0
134.92,304.18,20.81,33.96,3.29,19.14,214.0
15.28,22.25,21.79,59.37,5.28,27.75,56.0
242.28,357.99,33.72,31.57,6.64,26.7,376.0
200.68,417.21,18.29,35.34,7.52,149.17,348.0
76.74,132.49,15.84,57.5,2.53,35.23,144.0
245.09,590.92,24.08,59.57,3.29,135.55,500.0
152.46,200.59,31.02,31.45,3.15,148.73,230.0
147.69,275.45,30.43,58.67,3.69,63.73,295.0
188.28,450.75,33.39,71.93,10.0,98.35,478.0
203.88,484.29,25.66,66.12,7.8,119.07,455.0
165.84,232.75,17.0,36.56,9.75,64.97,236.0
36.38,61.0,26.77,59.62,6.96,32.65,84.0
87.88,176.18,30.57,63.61,4.12,70.73,198.0
232.38,327.01,16.87,31.86,3.96,118.06,291.0
60.03,147.58,18.45,72.77,4.94,119.31,171.0
96.18,229.79,15.25,75.31,4.23,42.28,199.0
110.86,157.09,26.87,72.52,8.3,34.5,230.0
112.65,152.93,32.73,71.23,4.7,138.88,255.0
155.17,203.43,28.41,67.25,3.03,16.16,237.0
236.05,562.34,34.64,61.67,7.77,112.86,500.0
63.97,92.87,16.26,63.93,8.56,16.5,133.0
34.77,60.54,33.06,70.32,4.26,127.31,121.0
53.38,95.2,31.28,63.12,6.71,136.76,172.0
222.3,439.86,21.28,46.39,0.68,51.64,356.0
163.22,211.09,34.47,48.8,5.34,20.35,268.0
75.05,112.18,20.76,74.85,0.55,77.3,136.0
204.91,494.02,32.79,30.86,0.39,51.78,368.0
216.04,514.37,32.61,64.94,6.17,68.4,475.0
212.4,470.6,30.15,77.74,3.1,103.1,471.0
230.14,281.97,26.27,65.31,7.45,39.38,375.0
66.8,108.56,17.4,79.7,8.97,59.97,168.0
189.99,383.08,25.64,64.38,1.48,119.56,354.0
117.83,183.55,22.14,31.72,7.27,100.13,185.0
211.29,503.39,30.84,71.35,5.19,55.68,475.0
183.48,371.37,30.16,44.23,1.21,103.0,349.0
195.23,252.53,33.21,52.3,6.55,117.14,335.0
165.76,394.79,15.3,45.6,6.13,92.95,312.0
48.47,118.51,31.18,43.43,5.2,43.53,140.0
138.53,180.23,33.77,51.57,9.27,10.03,254.0
246.24,465.91,30.79,48.94,5.26,122.4,450.0
234.66,374.14,17.6,61.67,9.91,125.17,409.0
15.58,26.65,16.63,70.66,5.14,107.66,73.0
45.38,65.05,15.42,44.85,1.25,20.72,55.0
37.27,72.74,27.57,40.69,4.76,91.93,92.0
182.87,447.17,27.59,63.34,1.91,124.94,398.0
205.36,380.73,34.74,63.52,6.01,64.55,431.0
57.31,74.95,22.96,75.06,6.96,37.72,127.0
128.93,258.64,21.64,30.8,4.74,92.27,217.0
210.97,346.48,27.49,72.65,1.07,125.68,392.0
184.54,426.78,31.51,56.05,4.74,16.84,377.0
137.85,243.31,33.74,61.07,0.91,93.57,262.0
149.64,217.07,31.06,34.57,6.85,100.04,248.0
129.55,187.64,23.53,51.63,7.92,94.33,228.0
77.9,171.33,27.7,41.37,9.63,101.0,222.0
143.43,221.64,32.13,42.71,1.57,98.39,236.0
173.78,381.86,24.81,55.2,5.37,28.26,346.0
218.96,321.36,19.33,70.62,5.72,42.89,372.0
160.89,260.35,18.39,67.19,9.23,96.66,301.0
191.47,345.64,15.0,59.55,6.31,12.48,311.0
44.22,107.28,29.36,56.97,1.54,98.86,115.0
118.08,284.72,17.22,51.37,4.42,103.15,217.0
7.29,10.7,19.88,78.64,6.58,43.48,41.0
65.44,109.0,20.96,58.01,7.03,93.74,150.0
182.98,255.12,26.21,42.7,8.64,84.77,297.0
247.99,462.01,22.96,41.5,1.89,46.5,396.0
29.3,52.7,28.49,60.57,9.52,74.82,114.0
103.37,245.08,16.11,56.14,0.69,137.35,218.0
201.02,484.25,17.48,30.38,9.84,69.72,344.0
54.99,93.41,24.98,71.5,8.59,98.18,179.0
141.0,259.33,21.74,65.21,6.64,14.95,268.0
184.6,436.6,20.92,63.09,7.38,20.89,377.0
155.92,350.61,16.34,33.44,0.82,21.38,224.0
51.07,61.52,32.91,48.1,0.51,118.95,104.0
92.07,148.79,28.84,76.77,1.11,59.04,194.0
197.03,344.47,17.43,73.13,0.96,41.87,317.0
140.79,210.99,16.3,44.28,5.52,114.63,216.0
6.28,9.17,34.5,37.85,2.23,33.79,25.0
191.44,239.13,28.62,52.45,8.62,44.51,332.0
13.65,27.8,23.35,47.79,4.51,70.33,66.0
187.7,289.3,29.03,64.11,6.99,56.4,362.0
54.61,69.25,30.13,78.32,6.56,91.95,150.0
239.73,359.66,30.6,48.15,3.27,57.3,381.0
95.15,213.36,24.56,33.11,2.51,65.01,175.0
85.1,196.32,23.6,74.88,3.49,130.8,222.0
41.48,75.82,15.22,31.9,7.99,133.83,104.0
79.87,139.05,33.53,77.64,5.9,125.88,229.0
219.78,543.12,27.07,63.23,2.61,131.08,474.0
249.1,363.87,19.06,77.08,8.2,89.76,407.0
95.24,140.95,33.39,39.98,0.64,100.47,169.0
114.91,181.49,33.3,32.03,7.02,88.0,201.0
181.91,259.14,34.78,54.41,4.45,119.98,340.0
222.12,376.08,32.48,52.53,7.34,87.14,425.0
150.3,358.32,34.96,46.57,9.28,25.55,344.0
100.92,201.84,19.89,77.88,7.53,123.34,247.0
106.09,184.13,31.84,71.13,4.48,116.48,252.0
175.43,423.61,31.46,63.08,1.59,124.84,384.0
5.79,7.31,19.62,38.14,8.08,36.66,57.0
156.8,231.02,16.97,66.72,4.66,48.03,262.0
92.1,178.27,34.59,66.35,0.85,51.41,207.0
199.58,399.2,20.92,51.25,7.22,81.13,348.0
27.78,34.77,32.42,76.24,2.99,28.74,73.0
149.11,257.06,15.08,38.35,0.58,63.95,192.0
122.84,251.07,15.42,43.37,9.04,35.5,209.0
162.37,342.19,24.32,33.16,4.88,47.07,277.0
20.89,42.4,19.77,69.77,2.88,108.89,74.0
147.1,237.81,28.8,61.09,7.19,129.67,312.0
142.56,188.41,26.31,45.75,8.87,13.21,231.0
142.36,249.88,16.55,38.19,0.1,89.23,199.0
152.85,209.01,18.25,32.01,6.91,15.05,209.0
170.73,415.21,22.76,38.34,7.69,21.93,309.0
202.22,367.58,18.71,52.66,2.18,108.71,317.0
71.11,114.65,30.84,42.36,4.95,112.99,164.0
207.14,454.91,23.32,42.95,0.98,123.96,352.0
127.07,234.75,16.87,73.78,7.49,76.39,267.0
23.88,38.28,24.69,55.76,8.49,130.37,112.0
19.34,43.63,16.82,66.46,1.17,33.36,30.0
86.89,202.22,17.58,31.79,8.18,44.96,174.0
197.3,409.38,19.79,48.26,7.74,28.83,349.0
178.38,224.95,32.19,53.96,3.53,121.66,304.0
198.21,383.78,33.49,39.32,6.93,42.01,363.0
131.73,288.79,31.53,36.01,0.1,31.77,216.0
112.85,155.44,21.68,73.52,9.32,97.24,250.0
41.13,61.58,20.45,76.97,5.55,20.79,96.0
85.41,200.47,25.98,33.94,6.24,16.29,161.0
111.33,136.51,29.44,47.45,6.68,24.94,192.0
26.71,58.18,34.87,77.91,5.66,10.03,86.0
59.05,107.23,17.63,34.16,8.58,107.58,122.0
151.57,269.91,15.99,62.18,6.14,88.71,264.0
185.24,223.99,28.89,78.61,9.09,39.38,339.0
249.6,565.39,31.64,78.91,5.87,42.62,500.0
233.61,389.61,31.93,53.56,1.79,123.54,418.0
162.43,309.1,28.57,38.14,9.14,80.25,306.0
108.21,225.12,34.08,40.1,6.85,107.79,253.0
160.86,339.97,25.22,74.48,7.02,73.39,345.0
197.48,482.41,33.28,75.58,9.86,43.28,482.0
33.99,64.27,34.36,60.39,0.84,145.86,101.0
105.43,181.3,31.94,68.31,4.34,89.19,248.0
210.75,514.19,21.2,67.0,2.47,28.34,415.0
99.04,201.52,18.92,63.09,6.34,66.85,237.0
145.11,230.37,25.96,71.36,8.09,56.11,294.0
149.0,203.3,24.06,64.27,9.67,39.97,275.0
50.2,115.22,32.56,56.7,4.6,140.68,131.0
93.75,156.64,17.0,41.85,7.88,133.33,184.0
86.96,179.01,20.15,67.19,9.18,37.88,203.0
11.42,20.69,30.04,53.67,6.86,59.3,64.0
10.93,15.94,16.9,44.74,2.5,116.72,44.0
208.77,413.81,21.42,70.1,6.12,39.19,393.0
71.9,91.96,22.74,64.84,9.7,92.82,168.0
131.93,229.21,27.45,76.87,9.88,107.97,333.0
78.19,149.39,18.16,38.27,6.46,101.56,150.0
235.47,416.04,32.21,62.46,8.88,108.9,481.0
68.53,148.93,23.95,42.21,2.08,108.94,135.0
110.27,251.0,33.34,75.18,2.54,145.07,289.0
218.82,481.97,24.36,34.97,9.53,58.51,394.0
211.27,264.19,20.5,62.81,1.44,133.0,311.0
50.59,73.48,17.84,69.55,1.99,13.05,65.0
201.65,382.64,15.07,47.75,4.26,50.35,310.0
117.26,283.2,25.64,77.71,5.94,16.81,272.0
123.33,281.86,17.14,72.54,6.08,101.17,268.0
37.7,86.54,22.83,44.73,2.99,24.11,69.0
24.75,39.45,26.79,30.38,9.21,128.4,113.0
183.35,322.37,20.51,44.83,9.16,100.52,326.0
126.63,229.45,18.5,44.07,3.98,14.03,210.0
112.03,157.35,30.49,74.5,4.4,110.07,244.0
183.73,227.9,33.94,78.36,7.05,130.68,379.0
192.55,468.09,17.01,33.52,6.66,102.56,322.0
43.93,66.47,18.11,53.56,3.88,14.27,98.0
154.51,233.6,34.2,57.42,4.2,130.11,290.0
38.16,49.93,15.76,34.65,3.55,112.54,73.0
189.09,455.14,34.55,48.87,2.43,62.98,397.0
165.95,324.22,15.09,45.85,4.64,56.01,269.0
239.37,494.81,32.47,56.8,6.9,77.17,494.0
21.89,52.22,21.15,63.06,7.45,131.39,100.0
18.98,31.3,33.77,65.17,7.81,45.29,83.0
74.14,148.86,21.34,36.84,3.81,24.13,154.0
69.12,86.43,28.09,70.65,7.67,131.05,175.0
65.51,94.52,16.6,63.93,0.16,13.68,90.0
227.03,517.77,19.85,74.45,4.82,137.54,462.0
66.14,145.29,30.47,52.47,7.96,52.8,175.0
71.63,118.6,25.57,74.69,6.34,81.15,174.0
191.05,322.85,33.56,73.29,4.79,28.52,378.0
115.19,218.12,23.58,51.92,6.48,136.32,242.0
195.29,234.41,32.4,49.06,9.08,114.98,358.0
21.01,31.81,23.98,76.64,5.71,139.38,90.0
124.45,183.04,34.58,65.76,8.02,105.65,277.0
13.24,20.19,34.2,76.41,9.81,35.86,86.0
20.35,45.74,21.58,69.85,7.09,53.16,89.0
227.08,355.05,32.72,60.46,5.78,78.16,412.0
39.12,56.68,31.95,35.79,0.47,95.02,70.0
135.44,251.32,19.21,44.57,3.81,139.7,220.0
105.72,245.83,27.49,78.44,5.7,63.75,263.0
90.1,136.39,16.45,45.97,7.99,108.43,173.0
225.46,293.57,31.73,34.66,4.44,144.54,362.0
10.35,17.21,18.49,65.38,9.6,31.33,75.0
167.63,364.08,16.42,66.7,2.79,130.78,312.0
241.03,461.79,23.0,44.27,7.47,68.9,394.0
142.24,321.73,26.54,44.88,4.25,112.54,271.0
234.52,573.98,32.1,53.44,4.91,51.1,479.0
17.8,39.71,34.48,31.09,8.04,56.76,100.0
107.6,213.59,23.79,69.47,3.03,13.8,208.0
68.74,126.57,16.21,45.85,1.06,146.0,119.0
184.05,230.45,29.98,72.69,5.25,123.88,330.0
245.42,608.54,26.3,70.13,5.34,23.15,500.0
67.85,115.24,23.96,63.07,7.99,149.93,173.0
165.27,231.03,21.19,46.24,9.69,94.7,289.0
53.53,110.64,25.05,55.82,0.65,129.52,119.0
143.51,225.24,21.77,52.24,5.96,19.33,219.0
118.66,232.76,30.14,46.94,6.84,64.52,267.0
243.14,477.24,25.88,72.41,9.86,103.75,500.0
154.09,274.19,32.54,54.18,9.43,24.9,307.0
90.63,207.26,25.87,71.64,7.15,78.45,244.0
32.95,50.9,19.77,35.26,5.27,71.97,81.0
42.06,74.99,32.02,37.05,1.7,40.25,76.0
60.2,114.32,26.14,78.87,3.9,52.04,131.0
66.49,137.14,19.14,59.39,5.89,145.4,155.0
213.4,473.57,27.47,55.49,7.28,50.41,419.0
142.5,244.14,22.15,56.16,6.39,39.88,252.0
133.23,271.77,31.89,40.76,7.17,85.07,275.0
33.12,46.23,24.07,65.94,4.35,103.93,92.0
215.73,520.45,29.53,34.24,7.3,111.51,423.0
182.09,309.18,16.91,58.67,1.52,115.59,277.0
21.58,46.36,22.92,58.54,1.71,15.16,51.0
178.42,218.82,34.66,75.71,1.71,65.13,324.0
138.17,202.66,31.17,56.31,8.92,118.35,283.0
25.02,45.87,18.2,36.85,0.85,136.68,59.0
117.28,274.65,20.56,58.64,8.03,94.31,263.0
123.75,233.32,21.6,34.57,2.41,17.32,196.0
45.61,109.88,28.01,40.19,4.74,65.53,106.0
236.7,432.9,30.14,31.56,9.17,20.39,408.0
213.24,391.85,29.99,55.66,5.9,114.8,414.0
168.91,228.99,25.2,34.23,2.18,18.89,223.0
118.26,265.32,31.22,53.47,2.91,36.0,253.0
105.88,161.05,23.74,76.65,9.21,68.37,222.0
164.49,389.75,17.48,65.99,4.33,74.77,329.0
138.63,330.51,26.29,33.87,5.91,66.91,271.0
20.26,49.15,34.05,41.21,4.65,74.88,68.0
130.56,244.98,30.86,63.68,3.85,109.85,280.0
202.57,421.39,26.57,74.74,2.31,61.7,407.0
117.51,259.95,27.94,31.65,6.89,86.69,232.0
17.73,24.29,33.61,70.62,7.21,52.47,93.0
197.64,391.57,23.57,58.09,2.82,59.51,344.0
54.33,67.62,21.63,57.3,7.91,95.93,132.0
68.36,126.25,34.54,77.89,8.56,78.67,203.0
45.35,63.55,32.27,67.38,9.21,111.23,145.0
85.9,123.51,21.46,72.51,1.7,88.48,160.0
190.4,318.84,24.28,47.7,3.11,122.5,312.0
132.25,233.05,23.3,57.72,8.62,72.08,247.0
55.2,110.95,17.98,60.77,2.07,78.74,94.0
220.07,285.38,34.16,46.08,0.13,103.8,341.0
220.5,408.98,23.09,58.51,8.72,40.97,388.0
218.29,313.78,32.51,41.83,3.33,64.03,343.0
63.51,123.59,18.79,37.17,4.2,97.48,124.0
115.55,234.42,25.96,48.7,4.52,14.04,209.0
246.32,473.86,15.48,66.96,8.5,71.18,455.0
194.14,419.31,30.28,75.81,3.45,93.84,429.0
11.66,19.07,26.62,52.89,8.93,145.43,101.0
20.98,46.03,27.51,62.14,6.21,132.78,104.0
118.66,209.16,16.03,35.15,5.32,49.3,179.0
227.76,416.67,19.22,75.22,3.32,81.01,405.0
136.98,279.79,16.49,58.43,2.51,17.9,241.0
126.96,155.39,20.78,69.02,6.28,43.71,225.0
30.84,63.23,27.55,69.72,4.52,118.48,128.0
165.91,332.51,26.32,42.82,9.11,27.26,312.0
206.42,330.84,27.24,56.46,4.97,46.08,341.0
98.2,128.8,25.99,78.02,5.17,142.17,208.0
195.02,257.08,20.46,34.48,4.23,125.34,257.0
241.3,579.16,19.89,64.15,7.91,119.46,500.0
54.92,115.12,17.74,78.11,4.31,131.04,140.0
133.22,181.87,31.98,45.03,2.77,114.94,195.0
75.35,125.36,27.33,73.07,8.63,26.88,206.0
199.25,392.57,18.73,76.68,6.01,82.32,380.0
146.51,334.96,18.54,67.35,5.96,72.19,295.0
160.47,201.68,32.46,41.57,6.15,53.56,275.0
200.49,302.26,29.85,46.7,7.22,126.77,341.0
102.01,240.41,28.19,31.79,3.2,74.98,207.0
229.2,277.77,23.14,71.57,0.44,18.44,321.0
135.59,198.21,20.24,72.48,8.12,48.5,239.0
43.7,106.92,34.59,61.64,1.38,42.01,125.0
175.5,350.54,30.94,47.63,7.25,134.25,369.0
199.35,307.03,21.04,33.84,0.91,100.64,280.0
82.61,106.32,31.95,67.65,3.82,88.45,173.0
215.01,265.89,30.18,66.33,0.72,80.93,345.0
227.01,344.63,20.94,75.63,5.27,101.02,384.0
72.84,170.88,23.53,66.53,6.57,115.68,196.0
245.96,428.14,18.72,71.43,1.8,87.61,400.0
39.47,84.33,17.22,67.3,3.78,141.36,99.0
54.49,130.45,29.46,61.53,9.31,146.76,194.0
50.14,86.76,20.35,51.35,4.48,149.35,134.0
224.03,324.54,31.4,75.11,8.05,103.71,439.0
165.3,309.49,34.91,62.55,9.28,140.57,384.0
42.27,100.61,16.53,49.92,9.75,66.63,113.0
112.88,253.49,24.46,34.17,8.99,130.34,241.0
155.75,200.23,31.04,44.54,3.24,137.28,264.0
25.45,53.45,30.78,57.19,9.63,136.58,136.0
221.19,429.88,30.2,43.78,8.14,126.32,428.0
201.88,480.42,21.98,41.06,8.39,66.92,373.0
128.78,175.04,24.08,56.37,0.25,32.25,178.0
241.95,458.31,26.9,38.49,9.55,56.75,427.0
107.35,251.56,34.48,70.02,7.8,117.42,308.0
246.11,426.51,21.55,54.22,7.7,42.6,407.0
168.64,308.04,33.46,58.69,0.91,76.96,310.0
160.49,207.29,20.39,37.37,2.4,89.16,227.0
45.66,71.3,34.78,46.23,9.63,94.54,139.0
221.07,358.55,28.41,50.5,5.06,141.0,395.0
109.73,266.51,24.27,70.41,4.04,102.61,256.0
44.75,70.14,27.27,68.51,8.42,120.08,135.0
8.09,14.55,20.45,41.15,0.96,91.46,48.0
142.14,294.61,20.48,60.81,4.23,126.7,281.0
134.21,189.35,17.27,42.17,3.82,46.91,180.0
181.24,332.1,17.28,79.41,3.56,39.38,307.0
223.11,481.95,21.95,77.61,3.15,139.68,445.0
24.45,56.9,30.26,58.16,2.18,107.09,78.0
184.22,371.04,27.16,64.95,1.81,104.01,377.0
50.92,105.38,17.05,70.07,6.44,75.42,126.0
215.25,293.64,32.04,66.05,9.2,62.74,417.0
205.67,499.68,27.03,64.99,5.14,87.8,446.0
137.49,188.69,34.22,77.93,3.05,26.88,245.0
179.01,395.09,28.4,59.82,1.68,73.66,347.0
82.02,126.65,18.5,61.82,8.32,73.75,158.0
120.44,290.69,24.48,72.46,9.72,85.37,299.0
206.3,440.65,27.97,63.49,3.56,98.86,408.0
117.52,256.19,15.57,66.65,2.98,144.02,217.0
92.66,137.58,15.3,41.71,6.05,101.3,171.0
126.08,223.92,17.59,48.56,7.78,133.72,237.0
207.92,416.5,20.03,37.37,4.61,87.88,326.0
87.13,191.76,23.59,55.29,6.34,97.77,202.0
47.57,63.52,24.75,52.79,7.19,19.78,96.0
179.44,439.83,17.76,79.86,9.61,28.66,371.0
207.36,488.82,28.47,60.56,1.73,91.15,453.0
29.66,46.01,26.92,69.32,9.97,65.4,119.0
63.77,144.73,20.89,46.7,3.98,121.83,139.0
39.78,74.55,15.27,71.58,7.26,86.04,96.0
90.25,162.47,16.55,60.75,5.77,133.52,171.0
115.34,185.55,22.83,64.85,4.92,146.13,248.0
188.46,368.49,18.08,44.72,7.01,30.67,323.0
164.53,353.55,22.54,57.43,4.02,65.28,317.0
157.13,272.49,27.56,61.7,1.35,103.1,273.0
91.33,184.31,25.94,59.45,4.94,52.77,208.0
211.15,445.35,19.62,75.76,5.27,47.38,413.0
120.47,255.92,21.88,74.91,2.1,123.92,262.0
244.88,310.4,27.28,78.55,9.36,147.25,468.0
160.36,371.67,32.22,63.37,2.35,118.33,342.0
35.93,64.53,30.06,78.6,4.15,83.31,98.0
170.66,263.02,26.07,71.62,1.63,71.95,291.0
84.65,128.19,22.25,43.54,5.4,85.55,160.0
173.15,316.5,22.3,51.37,3.15,74.8,276.0
22.06,51.91,32.59,41.92,4.94,80.4,80.0
47.85,80.95,15.78,30.21,2.32,38.48,72.0
214.66,466.8,34.76,39.4,0.63,136.52,412.0
60.66,80.43,28.29,30.2,7.81,115.63,140.0
210.08,382.1,28.62,65.99,6.45,105.34,409.0
73.42,182.76,15.76,51.28,3.47,142.99,177.0
162.51,357.77,27.11,45.63,0.57,49.82,274.0
175.07,257.99,24.7,68.09,8.67,21.36,327.0
130.6,241.86,17.12,71.62,1.78,125.66,235.0
79.8,120.0,20.56,78.76,9.31,149.78,208.0
57.1,98.92,32.81,62.1,4.84,90.98,148.0
13.13,29.07,26.0,53.08,3.47,18.23,46.0
79.47,175.03,23.27,45.26,7.44,119.27,194.0
165.02,246.96,16.45,41.12,8.78,20.32,248.0
234.88,563.46,29.28,40.65,3.77,85.6,454.0
218.45,430.41,29.06,50.46,4.13,48.85,398.0
192.69,326.39,27.28,79.59,4.39,138.1,380.0
198.17,367.11,25.21,30.04,9.23,73.19,333.0
167.92,333.59,23.68,39.86,6.96,135.78,303.0
68.77,132.58,26.87,39.42,2.55,51.87,115.0
227.26,416.42,19.67,65.86,1.93,64.23,376.0
169.33,314.35,33.83,47.62,2.38,142.6,326.0
142.31,203.41,26.78,52.86,2.71,38.18,226.0
32.19,72.64,21.22,37.43,2.38,90.99,87.0
114.53,218.1,23.99,50.25,6.62,64.39,236.0
117.79,161.42,31.11,35.16,1.25,118.38,189.0
216.82,476.13,18.23,56.65,3.93,28.1,380.0
138.93,335.12,20.86,34.9,6.29,71.21,259.0
98.2,238.77,28.59,69.53,2.98,107.85,247.0
244.32,410.38,21.31,58.33,0.75,66.98,383.0
32.13,44.21,30.85,66.2,0.91,18.19,58.0
108.52,203.37,17.61,50.93,1.35,108.72,204.0
15.3,20.59,30.25,49.07,8.37,80.45,77.0
186.28,449.71,16.37,34.91,6.61,11.58,322.0
229.93,330.79,15.25,56.19,0.74,95.77,302.0
73.61,112.52,32.96,55.73,3.97,138.78,176.0
215.29,372.16,26.63,53.41,2.86,25.54,366.0
76.59,130.06,22.04,67.03,5.82,92.69,150.0
228.14,509.45,19.65,71.63,5.28,112.01,458.0
189.72,340.21,27.34,67.54,4.86,19.91,359.0
202.2,287.53,25.18,37.19,3.21,13.17,280.0
9.41,14.56,34.83,61.1,1.46,74.99,45.0
240.89,448.5,34.66,34.02,7.45,120.77,439.0
183.03,254.73,27.7,64.73,8.81,32.5,319.0
79.66,158.94,23.86,49.09,9.45,127.13,220.0
208.2,402.97,24.82,36.62,0.68,101.92,322.0
73.97,157.5,28.65,73.1,7.43,56.5,202.0
218.82,529.34,17.03,60.7,7.29,82.22,420.0
32.58,77.74,21.57,47.74,9.48,145.18,105.0
177.4,431.07,16.51,31.54,2.6,40.3,269.0
137.47,208.7,16.47,56.87,7.45,79.93,219.0
28.65,39.28,18.92,76.16,0.64,97.43,76.0
64.26,102.37,24.71,59.82,6.35,29.32,130.0
8.04,19.0,30.7,78.58,3.57,16.09,37.0
119.85,295.27,24.71,36.82,7.71,11.88,227.0
78.81,182.61,21.71,58.42,8.65,55.46,193.0
151.6,203.6,16.65,69.91,3.71,20.35,220.0
77.82,189.24,26.01,56.28,5.3,122.53,207.0
78.48,137.37,20.43,34.55,1.26,149.62,139.0
187.08,226.76,27.3,59.14,4.23,18.58,278.0
16.79,29.81,34.54,60.59,3.67,70.58,75.0
226.21,285.0,17.23,66.44,1.91,13.6,307.0
213.8,407.73,19.24,68.06,8.96,28.76,395.0
168.61,276.54,24.46,68.54,1.57,55.21,273.0
150.34,272.94,34.37,63.17,6.39,65.12,319.0
223.61,446.58,30.44,40.79,8.91,141.57,436.0
50.41,117.42,32.96,50.21,9.13,65.42,171.0
24.35,50.17,21.67,68.81,7.95,79.48,93.0
63.68,112.35,34.84,77.67,1.84,44.38,165.0
199.67,452.31,17.06,33.95,8.19,10.02,330.0
13.49,32.08,16.06,56.78,2.84,135.91,46.0
147.79,200.35,32.11,45.63,9.23,21.44,252.0
248.88,470.76,33.55,41.27,7.12,144.99,483.0
214.65,336.96,16.81,55.29,7.87,28.32,344.0
132.75,167.43,17.27,60.3,0.94,94.68,191.0
20.59,42.61,15.66,30.49,5.87,149.92,77.0
208.69,484.49,17.09,69.01,8.23,29.39,400.0
151.75,214.24,19.19,70.99,8.63,69.35,288.0
33.16,74.81,34.4,78.28,0.38,119.26,93.0
28.0,64.65,28.36,39.03,9.4,14.51,104.0
227.86,544.27,30.57,59.73,0.53,106.57,483.0
168.95,261.01,30.52,51.33,6.18,21.25,292.0
208.18,494.45,25.7,46.74,6.96,43.11,414.0
220.35,356.28,30.95,58.28,1.16,32.41,384.0
145.08,278.28,26.92,69.12,0.58,137.03,290.0
131.77,166.78,21.29,31.15,7.87,35.26,189.0
110.45,138.85,26.22,78.47,3.91,15.66,192.0
82.65,176.58,25.67,70.49,1.16,92.27,171.0
111.48,198.18,31.47,67.56,7.65,58.47,245.0
194.6,298.36,34.63,68.02,8.51,66.8,400.0
152.47,220.71,23.22,49.45,5.92,26.67,239.0
223.67,463.2,30.27,67.58,1.7,114.75,456.0
113.63,136.41,17.0,49.34,0.25,94.22,137.0
153.74,345.55,30.54,74.94,7.04,60.99,365.0
159.67,208.05,22.43,38.86,5.55,34.02,236.0
149.97,217.29,15.79,44.62,6.54,93.08,217.0
177.15,301.52,22.26,57.57,8.15,119.0,330.0
63.17,115.62,27.21,45.96,4.4,53.74,111.0
130.53,216.87,17.39,51.21,1.33,13.62,173.0
30.54,49.37,33.48,54.62,9.41,40.01,118.0
99.21,243.36,16.55,72.82,5.5,105.54,227.0
124.48,253.2,33.6,56.16,6.19,148.47,311.0
164.79,202.77,29.14,48.12,9.34,11.87,275.0
237.88,418.49,21.59,42.39,9.32,52.86,391.0
152.16,355.67,22.82,50.43,5.76,18.68,280.0
187.18,297.97,29.82,55.79,3.05,54.29,314.0
129.04,170.7,27.03,67.31,9.97,66.83,253.0
160.36,350.52,28.43,36.05,6.84,138.92,307.0
22.38,44.48,22.78,41.08,4.14,21.28,63.0
67.33,130.71,24.76,48.98,5.64,118.8,166.0
93.65,118.91,34.8,48.02,4.22,65.37,174.0
120.76,166.97,19.28,49.59,8.89,123.58,211.0
16.18,32.52,23.36,69.68,4.88,81.88,75.0
39.31,57.79,20.84,46.21,8.25,15.5,74.0
72.82,135.1,30.3,55.09,8.42,142.47,211.0
243.03,463.78,30.28,61.2,8.26,21.58,460.0
86.18,135.18,20.85,41.61,7.25,93.68,152.0
123.1,299.5,16.63,65.93,8.56,132.87,286.0
53.04,121.75,15.23,57.36,3.93,21.17,110.0
154.64,330.79,23.55,52.34,1.24,87.55,278.0
73.77,96.0,23.21,70.49,8.44,125.4,167.0
55.71,74.54,34.77,42.17,5.03,148.09,148.0
131.56,242.15,24.4,74.16,1.36,111.41,241.0
6.35,8.95,20.13,58.05,1.24,48.97,10.0
6.88,17.0,32.82,60.46,1.68,107.94,47.0
58.67,82.5,24.82,73.75,7.53,108.81,143.0
14.0,25.67,26.98,70.88,7.14,108.0,101.0
31.47,52.65,16.91,60.08,2.12,129.6,68.0
88.02,178.79,22.66,67.66,8.48,22.23,216.0
201.63,275.78,33.88,51.67,2.88,25.18,330.0
145.15,255.38,26.79,57.37,7.95,99.69,306.0
130.6,203.37,21.89,33.1,4.94,143.54,231.0
76.9,181.04,27.51,34.49,7.34,75.22,176.0
233.28,292.24,33.21,71.47,3.88,144.48,411.0
102.27,244.2,20.48,32.98,3.54,141.33,196.0
26.34,60.13,25.1,38.47,8.43,136.41,102.0
156.18,247.84,34.17,69.79,0.45,137.38,297.0
32.89,73.22,18.45,30.06,9.75,135.76,112.0
89.58,111.13,29.39,44.12,6.52,124.78,173.0
129.32,317.72,27.29,59.2,4.38,107.3,286.0
219.18,413.07,28.59,59.77,6.32,13.42,405.0
125.92,200.75,22.02,68.86,1.32,28.52,211.0
177.05,295.92,21.28,55.3,5.19,28.79,298.0
248.24,319.32,28.68,55.47,9.85,13.3,387.0
37.21,92.52,19.31,66.27,2.43,26.34,83.0
72.31,90.46,23.39,54.93,7.25,138.76,158.0
101.67,208.57,18.76,60.42,4.41,102.93,193.0
108.35,192.38,15.17,74.89,6.56,53.69,209.0
105.7,257.23,34.4,50.07,2.13,121.07,245.0
227.36,345.55,23.63,49.26,4.76,78.37,359.0
179.94,340.39,34.39,30.18,9.8,29.9,331.0
153.94,281.25,17.81,60.67,2.03,133.83,258.0
80.8,170.78,26.75,31.49,6.4,57.41,183.0
206.83,266.48,19.02,55.21,5.8,107.84,320.0
238.99,347.0,30.8,70.21,5.69,50.68,435.0
206.19,304.95,30.67,57.5,6.19,80.01,376.0
5.38,11.63,17.25,43.48,5.07,124.28,55.0
160.92,232.67,33.24,69.31,0.27,31.95,285.0
17.53,34.1,18.89,43.49,9.01,146.82,93.0
68.11,100.8,27.26,66.65,8.29,19.83,155.0
19.58,45.44,34.71,60.51,1.82,84.76,76.0
152.93,370.83,32.65,38.5,4.19,138.24,340.0
173.21,324.61,34.13,75.26,7.73,142.4,428.0
33.05,54.8,21.85,40.03,9.8,42.5,103.0
99.04,148.98,17.11,79.48,9.52,30.16,209.0
116.78,147.69,18.77,30.37,9.0,111.42,193.0
95.42,147.81,25.01,43.17,1.67,15.88,152.0
34.65,71.05,30.86,39.99,9.15,77.93,131.0
107.64,203.84,18.0,30.7,8.8,121.49,196.0
189.04,458.84,28.19,66.62,3.83,88.44,429.0
22.4,38.41,21.47,64.67,4.01,36.32,66.0
24.64,51.8,21.82,69.62,4.65,78.19,91.0
91.92,168.77,28.24,42.83,6.6,138.98,215.0
235.72,439.94,24.34,52.22,2.68,96.41,406.0
168.8,261.32,31.24,62.96,0.33,111.01,307.0
171.27,306.83,18.12,51.99,1.5,57.08,258.0
93.67,169.73,30.8,64.87,4.46,36.39,211.0
150.45,318.74,16.28,61.7,2.89,45.79,269.0
7.48,18.13,18.88,35.73,7.67,84.64,61.0
160.84,261.87,28.12,69.05,1.16,49.23,292.0
228.76,287.06,32.1,66.03,9.18,85.88,443.0
155.08,286.15,20.05,62.79,8.96,109.09,297.0
219.06,417.92,21.54,37.75,9.1,112.82,364.0
182.37,258.78,25.74,43.4,7.42,33.06,312.0
34.54,75.59,19.23,49.66,1.16,115.06,86.0
226.1,560.82,31.22,44.0,4.44,104.18,464.0
21.28,51.7,30.47,41.39,1.4,11.68,46.0
135.82,197.79,17.91,70.27,9.88,18.24,258.0
39.82,93.11,24.28,61.91,3.4,100.47,138.0
7.87,16.65,30.5,58.27,5.89,63.72,54.0
108.4,194.03,21.75,41.3,7.82,30.45,193.0
77.28,147.06,27.66,75.9,9.21,16.22,194.0
124.07,285.92,16.0,39.56,7.58,32.32,230.0
146.41,267.08,27.17,69.75,6.78,144.05,334.0
15.72,26.48,18.05,78.33,4.71,111.86,90.0
35.14,64.69,31.61,66.35,6.09,83.88,124.0
141.87,277.05,22.11,79.64,1.03,141.82,313.0
89.08,128.79,20.63,62.55,8.85,96.68,184.0
183.65,435.46,31.82,40.87,5.48,111.59,370.0
164.81,342.22,16.0,40.19,0.5,49.57,258.0
212.17,429.28,22.93,46.23,9.21,92.46,391.0
174.66,232.18,22.4,30.36,4.94,30.09,218.0
110.33,219.06,20.7,64.08,8.7,66.63,235.0
169.88,230.57,33.24,43.43,8.58,14.65,289.0
72.47,94.38,30.02,70.76,8.18,40.33,161.0
80.05,150.93,16.28,47.96,0.71,20.48,109.0
198.3,341.8,29.29,54.0,2.55,64.29,339.0
114.37,224.79,25.55,78.28,8.77,128.02,277.0
200.6,263.99,33.02,42.11,9.0,62.91,342.0
206.49,363.49,21.26,66.06,4.63,126.43,354.0
215.1,307.0,26.48,67.76,4.46,101.91,374.0
229.58,570.09,25.02,41.05,1.83,81.33,423.0
110.59,213.39,24.79,55.05,9.69,43.16,235.0
83.12,174.03,24.12,47.51,2.21,139.1,182.0
147.64,239.62,19.11,68.6,1.99,17.59,220.0
95.94,126.94,30.11,61.12,6.64,106.45,195.0
152.26,375.88,24.03,53.8,2.5,96.97,304.0
177.87,279.63,34.17,68.97,9.39,71.75,384.0
173.66,304.07,20.22,41.76,0.21,43.64,249.0
96.77,197.87,28.65,67.68,0.16,70.3,215.0
45.88,56.53,33.81,73.27,5.1,132.19,127.0
110.48,248.95,28.27,73.93,4.93,127.15,261.0
39.94,75.78,32.43,69.18,1.72,141.79,135.0
223.07,348.37,31.55,50.4,5.0,53.09,363.0
89.74,114.88,22.2,79.09,4.18,64.19,175.0
42.84,60.46,27.0,48.98,8.91,12.62,97.0
11.23,26.55,18.13,61.93,0.19,142.01,28.0
163.23,341.44,25.71,38.05,9.77,56.11,306.0
161.04,245.57,19.61,79.02,6.28,66.58,303.0
88.45,113.68,29.87,65.2,1.6,137.09,159.0
22.57,47.35,25.56,67.67,0.56,83.72,68.0
105.36,204.83,23.22,33.29,5.43,89.26,198.0
81.25,140.22,20.38,68.17,2.43,34.67,133.0
170.89,285.85,34.97,68.74,3.08,79.81,337.0
153.42,227.34,16.43,63.59,2.53,138.55,264.0
94.33,195.3,15.87,44.6,6.54,88.22,187.0
58.38,143.73,19.35,54.48,5.58,45.72,134.0
247.07,352.92,34.42,35.52,0.87,14.37,355.0
116.23,229.7,34.58,53.58,5.31,57.08,242.0
173.63,304.1,28.1,42.19,7.93,90.16,326.0
39.44,70.22,32.6,47.45,0.9,15.97,83.0
123.97,189.72,19.28,38.13,8.91,95.37,213.0
11.75,26.7,34.44,41.5,5.83,83.28,71.0
128.84,235.88,17.86,33.83,9.51,119.68,220.0
241.18,459.8,17.02,76.0,1.57,14.04,389.0
99.13,158.23,17.24,56.52,9.94,119.32,202.0
14.55,20.9,26.46,49.84,6.48,82.92,69.0
12.58,16.51,30.62,56.75,5.72,61.87,74.0
100.06,212.96,22.33,61.41,5.2,145.15,236.0
44.21,64.32,34.56,76.09,0.33,32.42,88.0
10.72,22.48,23.69,38.93,9.4,85.79,88.0
190.27,324.89,18.01,44.78,6.48,54.94,285.0
117.34,204.23,24.32,78.79,1.01,83.85,235.0
75.86,137.31,28.58,48.56,0.31,87.32,131.0
225.52,378.43,31.64,31.13,0.6,22.52,340.0
33.45,44.52,24.18,37.38,6.13,102.56,89.0
239.2,383.32,26.87,31.32,6.18,98.83,345.0
81.92,168.99,20.35,79.5,5.05,117.73,206.0
222.66,459.91,27.92,43.94,3.14,22.69,390.0
152.72,240.09,34.72,76.18,5.36,51.62,312.0
207.54,373.19,15.98,79.79,5.21,101.02,374.0
246.08,357.19,32.73,59.99,0.29,29.14,391.0
75.66,111.48,26.25,31.66,2.9,104.86,110.0
240.48,295.78,20.04,34.08,0.63,18.26,254.0
100.42,237.58,34.1,54.08,9.01,56.89,271.0
99.45,146.58,24.67,50.31,7.28,128.54,192.0
88.39,132.22,21.63,60.31,9.96,118.4,219.0
137.64,215.21,18.63,51.94,3.09,100.27,233.0
42.77,58.4,19.89,76.7,8.8,131.86,153.0
140.66,285.68,31.66,56.74,6.07,109.3,301.0
137.72,178.71,27.29,64.69,4.59,82.71,227.0
191.67,263.44,33.26,74.82,2.3,147.16,354.0
209.24,426.48,19.64,37.34,7.41,107.28,347.0
112.91,185.35,17.42,41.49,9.05,94.19,179.0
79.07,167.66,15.12,35.37,2.43,67.24,125.0
68.54,131.91,25.16,36.98,1.84,136.34,133.0
52.68,80.75,34.97,55.63,6.99,51.4,122.0
19.12,39.13,28.9,46.06,9.77,11.29,73.0
88.9,120.12,21.17,51.16,7.52,37.54,157.0
71.21,135.11,32.54,79.12,2.92,25.33,165.0
241.77,427.52,30.63,37.84,4.26,54.66,385.0
141.64,219.29,15.31,57.04,3.9,125.62,233.0
90.08,178.83,31.34,34.94,8.54,101.21,204.0
147.21,343.41,21.01,45.92,7.74,33.66,283.0
39.1,97.7,17.99,56.38,5.93,120.44,113.0
113.79,226.45,19.53,77.33,2.82,80.59,214.0
158.43,273.46,24.37,49.56,9.39,81.78,314.0
124.78,186.27,23.5,33.25,6.57,60.7,204.0
103.44,158.69,20.78,49.41,9.71,131.05,221.0
248.49,453.07,18.44,37.29,5.84,54.57,367.0
220.68,370.18,30.24,41.5,8.23,23.18,372.0
157.73,376.66,34.8,60.9,8.15,52.38,385.0
144.5,242.58,30.56,33.37,3.44,110.15,225.0
157.06,264.72,20.92,53.24,9.64,102.06,281.0
54.32,92.27,19.9,60.47,0.32,36.32,81.0
101.81,232.9,19.35,51.09,7.71,25.65,203.0
14.67,30.01,17.73,30.96,9.66,102.52,69.0
121.51,242.83,26.03,79.28,3.46,104.69,273.0
138.04,225.61,27.11,48.36,6.52,61.26,249.0
60.8,137.6,29.11,68.93,5.67,127.99,194.0
241.19,301.45,28.6,46.28,7.64,146.95,412.0
227.82,531.28,20.85,53.75,8.68,38.79,423.0
181.93,339.58,21.61,49.42,6.07,90.79,319.0
135.68,233.06,28.63,47.13,8.18,10.75,252.0
218.14,402.76,21.99,31.09,3.19,109.83,328.0
37.01,76.52,19.25,48.0,2.36,68.0,69.0
198.67,241.71,22.49,74.47,4.36,37.06,303.0
35.58,83.01,20.44,64.52,6.81,115.31,124.0
199.58,355.41,16.77,37.27,1.95,123.49,280.0
72.56,119.43,31.6,59.56,6.84,25.56,164.0
219.89,303.38,32.06,74.61,4.0,15.74,383.0
236.29,418.54,19.4,65.0,7.98,56.77,415.0
41.46,76.49,16.3,37.43,0.46,97.64,64.0
118.36,204.13,29.78,73.39,6.71,121.08,276.0
245.34,510.87,19.23,45.08,6.53,86.45,405.0
123.43,215.66,22.87,52.7,9.42,91.3,250.0
216.57,530.56,16.28,56.31,7.16,121.98,433.0
149.24,295.35,19.53,72.53,7.98,84.04,312.0
96.96,218.12,30.86,76.58,9.06,95.56,278.0
75.02,100.68,31.09,76.48,6.78,82.27,189.0
54.79,94.05,19.14,30.4,2.97,133.26,90.0
191.64,313.89,21.72,76.09,8.71,42.97,379.0
99.7,193.46,17.68,32.72,7.5,46.96,162.0
130.26,302.14,16.48,43.29,4.3,27.91,232.0
125.62,163.54,34.84,55.75,7.13,124.73,263.0
146.43,189.54,28.11,54.0,8.69,67.65,254.0
217.07,500.43,25.84,60.24,9.76,58.71,471.0
245.28,362.21,30.31,53.97,9.53,147.39,454.0
104.86,216.99,31.8,76.72,3.32,139.75,279.0
207.74,395.9,31.13,42.03,4.27,146.08,384.0
192.31,439.0,15.33,43.7,1.18,29.92,298.0
145.51,198.28,18.74,76.04,2.55,134.78,244.0
239.23,327.44,28.1,33.84,8.84,56.02,341.0
54.12,104.11,22.52,60.48,3.67,11.77,105.0
31.77,77.21,34.65,64.09,6.24,64.78,115.0
214.22,372.64,28.31,55.28,6.69,81.29,395.0
112.59,182.96,34.13,64.71,7.84,25.15,229.0
212.51,422.61,19.03,38.64,1.91,85.27,322.0
223.81,539.28,32.28,72.63,3.12,124.72,500.0
20.3,46.45,21.43,37.0,4.54,62.87,70.0
221.45,552.32,34.79,50.04,3.71,59.37,452.0
114.84,141.18,18.15,33.76,9.83,57.43,186.0
130.06,175.15,25.33,57.26,8.37,139.23,251.0
158.52,315.81,30.86,63.49,4.85,16.83,315.0
231.96,525.8,23.65,77.06,8.8,72.31,485.0
9.68,15.21,24.36,66.97,3.54,47.04,59.0
121.83,184.08,34.73,57.06,7.88,135.13,272.0
173.49,385.68,23.51,76.63,2.31,23.45,330.0
182.06,231.82,27.08,53.92,7.75,67.6,306.0
174.67,293.48,16.09,58.06,4.62,66.95,282.0
37.94,70.47,31.84,59.8,1.16,134.38,114.0
78.35,151.1,27.96,50.5,2.81,40.17,147.0
92.89,199.44,23.08,71.92,4.08,100.29,212.0
202.09,335.73,15.32,39.26,7.52,28.82,284.0
73.3,146.34,26.83,57.74,0.82,143.56,165.0
56.62,111.04,15.25,66.11,6.63,93.02,130.0
239.57,458.04,15.02,75.2,7.19,97.68,427.0
7.17,14.58,27.32,74.2,6.57,70.73,67.0
249.47,383.5,18.78,55.44,7.63,57.92,376.0
170.82,223.78,18.84,62.16,1.86,39.77,258.0
207.97,281.82,28.07,49.71,5.91,94.56,356.0
77.18,115.15,16.07,53.41,9.42,143.64,166.0
8.51,15.74,21.27,75.31,6.15,60.37,47.0
185.78,425.91,17.99,76.54,6.15,133.64,400.0
209.37,442.11,26.6,74.77,7.39,30.83,438.0
186.42,414.92,28.24,36.92,3.4,141.06,359.0
40.0,66.25,29.42,72.5,7.03,59.07,115.0
189.59,327.24,20.1,77.42,9.17,63.16,374.0
193.39,331.04,16.78,48.06,0.21,74.8,277.0
166.34,241.1,16.57,55.93,8.71,110.55,272.0
192.7,246.57,23.52,68.95,2.26,110.75,311.0
212.25,417.75,33.92,58.1,4.61,77.14,434.0
155.33,386.16,19.35,79.67,8.54,83.24,367.0
26.71,37.84,20.13,52.79,8.26,14.2,79.0
124.47,156.92,17.02,65.7,8.93,52.6,207.0
24.02,53.17,27.11,69.63,9.41,58.44,123.0
104.85,160.25,28.6,54.71,4.53,88.22,210.0
104.74,238.66,27.86,72.85,6.6,88.16,259.0
21.17,44.78,32.22,57.31,3.97,109.39,84.0
90.46,219.76,24.73,50.58,3.57,110.38,214.0
32.19,55.75,17.69,35.39,4.37,42.93,56.0
203.02,418.33,20.79,49.67,7.46,117.83,380.0
237.18,427.95,28.25,66.7,5.06,12.74,429.0
22.72,45.88,27.26,76.06,8.16,110.26,133.0
239.0,426.5,25.62,42.58,7.48,24.29,392.0
133.03,192.26,28.66,47.76,0.3,112.15,225.0
78.39,145.83,27.75,37.7,6.34,83.8,156.0
23.83,44.97,32.63,64.54,4.42,71.22,72.0
127.65,287.7,26.72,78.01,4.62,106.69,301.0
199.66,430.49,30.57,62.05,8.2,15.09,423.0
178.24,367.69,19.97,60.85,5.52,41.29,321.0
17.31,23.32,28.56,57.67,8.87,96.3,101.0
22.86,48.85,33.04,34.42,7.16,128.61,97.0
103.7,191.89,22.71,66.48,5.57,63.36,191.0
77.35,182.72,30.58,60.1,7.57,46.23,207.0
61.93,148.38,29.5,63.07,0.48,82.62,133.0
73.85,93.91,16.19,74.94,0.37,97.12,117.0
201.85,457.57,26.63,69.2,0.93,68.81,420.0
232.66,290.59,17.6,69.05,4.43,132.74,374.0
104.25,174.86,34.35,76.36,2.43,83.28,220.0
227.0,432.43,31.23,79.5,9.84,15.02,500.0
83.77,116.65,17.19,59.06,5.47,41.23,138.0
121.73,264.17,17.44,35.44,6.66,73.09,212.0
60.38,73.11,26.89,52.96,2.86,107.68,111.0
161.92,229.79,21.9,69.38,3.29,40.77,244.0
244.85,478.69,15.7,31.39,3.42,146.68,358.0
152.86,325.38,25.83,32.84,7.02,54.6,278.0
92.66,221.62,22.76,33.36,4.79,84.55,176.0
163.72,346.61,17.02,66.55,5.23,12.66,308.0
35.12,72.81,31.04,55.06,5.96,133.88,119.0
222.72,381.44,33.3,48.44,7.71,120.44,416.0
128.26,154.12,30.13,35.28,0.99,37.36,177.0
115.09,156.09,31.45,66.61,7.79,140.65,240.0
148.54,281.47,19.33,46.05,5.68,54.22,259.0
158.07,328.42,20.27,43.27,6.72,106.91,284.0
22.59,39.36,19.17,62.62,3.34,124.66,85.0
172.24,370.3,30.3,57.95,4.15,113.73,374.0
64.27,120.73,33.96,48.12,2.39,138.46,157.0
179.92,233.25,29.34,62.07,9.8,131.0,338.0
206.52,299.38,32.63,43.56,5.02,149.25,342.0
201.97,462.91,27.77,69.74,9.96,35.57,441.0
140.36,300.71,22.75,41.47,4.95,52.67,262.0
132.44,312.98,23.52,37.94,2.28,99.07,242.0
40.0,54.12,16.51,69.12,5.12,112.63,96.0
194.96,484.92,15.63,65.39,0.49,84.84,359.0
71.5,105.26,28.91,39.13,9.06,20.35,157.0
126.69,153.97,23.77,35.81,8.2,127.82,218.0
74.65,186.37,26.04,71.92,7.29,144.52,228.0
37.79,59.15,26.15,68.83,6.14,66.77,115.0
159.24,329.38,20.55,46.36,5.84,41.47,280.0
18.31,26.18,24.52,62.91,9.97,12.7,85.0
188.42,368.22,24.42,36.21,2.85,43.22,299.0
82.81,196.69,22.77,55.35,7.82,107.99,206.0
5.03,8.13,31.41,30.94,5.86,137.62,69.0
130.23,269.74,24.02,49.58,9.76,23.09,266.0
16.48,23.8,27.07,33.74,8.3,87.46,68.0
72.66,146.21,32.91,53.76,9.99,107.37,212.0
178.21,291.8,32.32,51.08,5.92,48.69,325.0
20.36,30.02,32.81,52.22,2.12,89.79,68.0
210.64,338.52,20.4,32.27,5.09,110.13,304.0
5.94,8.5,15.7,48.08,7.14,127.28,70.0
65.47,155.33,20.22,67.82,7.77,73.35,174.0
186.52,320.13,20.57,48.45,0.11,114.7,292.0
82.49,125.29,33.19,65.76,5.1,52.25,173.0
29.96,53.42,27.98,48.47,2.43,39.83,63.0
93.26,150.77,16.63,51.16,8.76,36.22,177.0
71.25,154.44,17.71,58.19,1.61,60.24,131.0
211.46,520.75,18.11,77.53,6.7,15.02,461.0
81.77,144.69,27.61,35.44,2.73,49.62,145.0
198.29,459.9,29.71,31.65,3.63,101.31,363.0
223.51,432.63,32.19,60.4,9.41,100.71,481.0
111.29,156.29,33.81,77.45,2.48,20.3,203.0
227.94,478.17,19.03,79.49,1.04,50.24,429.0
97.44,181.97,21.2,54.21,0.79,89.74,178.0
241.2,493.44,19.81,53.4,5.1,54.6,424.0
26.88,63.34,22.18,62.25,6.45,68.52,91.0
173.32,307.22,33.29,57.78,3.34,109.79,326.0
125.98,298.78,26.5,61.7,6.93,11.3,270.0
99.97,217.53,29.76,73.7,0.7,48.7,208.0
160.01,293.66,24.8,67.32,8.59,29.93,336.0
177.44,352.08,15.58,54.84,8.18,27.87,327.0
6.07,9.85,16.28,53.09,9.86,144.27,84.0
45.9,113.78,25.76,61.98,9.37,62.72,151.0
179.7,371.53,29.38,52.79,3.63,83.79,343.0
168.26,211.51,19.31,52.89,4.05,112.74,259.0
241.68,392.64,29.44,30.82,7.49,16.64,391.0
191.45,384.88,31.21,38.7,1.43,43.74,342.0
237.94,302.95,23.24,54.43,3.21,126.5,366.0
177.12,218.05,29.93,71.13,1.27,130.68,315.0
78.02,139.27,23.08,43.94,4.6,62.21,154.0
30.81,50.3,28.57,56.13,5.56,62.48,90.0
196.55,347.85,30.28,47.25,2.19,115.97,336.0
162.82,250.98,34.84,35.24,0.36,51.31,247.0
16.81,23.77,21.91,77.91,7.22,26.39,75.0
93.21,195.36,23.22,72.73,0.3,46.05,164.0
239.42,447.45,18.31,33.92,9.74,64.23,369.0
127.6,186.32,19.08,65.99,2.29,17.31,186.0
111.02,179.35,28.87,47.38,6.67,77.02,225.0
117.14,230.68,33.34,79.74,4.4,113.6,282.0
56.18,72.69,22.89,45.12,0.69,81.92,93.0
95.33,132.67,18.6,41.94,4.77,20.07,134.0
95.6,123.83,20.7,58.39,5.22,71.62,182.0
17.83,40.22,24.1,71.76,8.56,109.25,87.0
193.05,420.5,20.81,39.63,7.35,18.13,335.0
107.04,233.28,19.67,65.47,0.89,18.38,178.0
206.43,439.96,29.72,33.07,2.17,61.88,344.0
213.34,441.65,15.16,75.95,3.19,37.29,380.0
56.94,103.63,25.78,34.05,1.25,140.87,115.0
166.05,337.91,30.88,75.71,4.62,91.39,372.0
120.71,150.87,20.32,54.54,9.84,50.23,212.0
220.64,443.02,27.07,52.4,5.19,108.67,408.0
57.86,127.93,28.38,78.67,7.44,62.49,172.0
171.06,316.55,28.1,79.52,6.86,28.5,359.0
153.9,256.21,23.92,62.51,8.51,43.21,293.0
77.35,120.71,21.93,36.36,2.24,99.98,127.0
38.47,78.31,31.72,55.31,7.56,17.26,121.0
164.65,345.87,30.17,56.46,8.83,48.18,353.0
185.96,433.7,21.43,55.72,1.8,39.16,338.0
82.33,135.43,17.06,58.47,3.53,38.16,136.0
162.98,358.68,16.44,30.94,9.7,105.59,274.0
101.81,196.46,16.89,65.56,7.83,125.61,224.0
179.74,421.96,26.66,65.62,2.9,110.22,395.0
53.81,101.49,16.03,35.77,5.68,100.4,116.0
223.1,417.85,21.74,58.51,4.1,138.3,389.0
75.42,147.15,30.06,58.42,4.95,18.17,170.0
95.11,206.77,20.89,64.12,3.62,33.45,185.0
19.23,47.2,30.27,34.27,2.87,68.02,67.0
32.32,41.88,29.91,61.33,6.78,62.14,95.0
131.39,166.79,19.92,44.04,7.81,68.53,210.0
70.56,170.67,29.58,55.35,8.75,38.9,184.0
209.69,396.08,29.96,68.67,1.64,30.93,386.0
8.6,17.19,22.95,65.28,8.25,81.29,59.0
97.88,178.84,19.21,35.95,2.62,139.93,172.0
87.65,115.85,25.43,59.56,4.33,64.88,163.0
9.74,21.4,33.43,78.46,9.02,16.07,84.0
35.47,77.02,27.79,37.84,4.6,108.86,103.0
106.34,170.7,18.46,72.65,2.05,50.75,173.0
125.75,200.97,28.66,65.13,1.68,44.31,231.0
104.05,238.19,23.54,68.7,4.78,55.4,240.0
135.08,174.8,26.83,44.1,7.65,111.33,228.0
150.81,353.71,29.68,44.39,9.97,124.63,348.0
7.43,11.4,25.3,75.3,7.9,92.33,86.0
118.7,233.95,31.28,47.99,8.78,55.15,251.0
241.06,582.59,29.44,33.15,7.5,53.47,450.0
132.16,275.1,27.3,60.03,8.96,27.4,291.0
171.0,297.32,18.02,36.24,0.86,140.66,234.0
81.41,170.66,31.72,69.83,9.31,99.34,223.0
194.63,320.59,33.72,62.09,4.02,13.78,344.0
194.37,303.3,17.74,73.74,9.22,102.73,338.0
132.72,331.22,24.76,69.24,0.85,72.6,292.0
244.12,531.22,20.18,35.61,7.18,146.16,398.0
35.76,72.88,30.09,49.05,7.38,124.67,129.0
9.15,15.21,29.43,68.73,9.97,33.98,88.0
193.69,244.8,17.82,50.87,7.71,110.82,289.0
202.75,251.49,32.54,78.62,3.89,77.98,359.0
34.45,66.16,18.62,66.79,5.62,36.19,93.0
70.07,153.49,30.95,30.77,3.73,107.82,151.0
9.3,17.66,24.14,74.0,2.04,86.63,57.0
76.86,176.24,21.57,35.04,2.56,14.25,106.0
194.42,241.75,18.16,37.03,2.3,100.52,238.0
131.9,221.17,18.35,66.72,5.53,98.9,250.0
90.28,136.16,28.24,73.25,9.07,30.17,206.0
96.08,171.16,26.01,56.82,9.14,58.86,219.0
5.33,6.9,17.44,44.45,0.64,92.03,28.0
78.45,191.45,17.25,47.57,0.89,29.43,135.0
163.38,243.48,16.45,47.14,2.53,129.38,237.0
243.68,584.58,29.88,46.33,2.63,13.85,481.0
212.53,372.71,29.24,42.15,1.04,24.4,345.0
10.78,26.75,16.17,60.44,3.95,26.25,47.0
225.15,432.35,26.21,75.02,5.92,83.93,456.0
196.88,474.51,16.69,45.35,5.82,96.82,360.0
196.19,236.79,33.07,39.33,5.48,66.52,307.0
117.21,254.66,33.14,71.93,3.45,50.41,272.0
102.51,243.36,28.96,67.09,7.09,123.3,263.0
79.21,109.45,33.52,76.54,8.28,19.56,205.0
21.1,27.95,31.23,38.28,3.53,49.24,58.0
60.92,106.72,31.57,37.21,0.95,15.48,119.0
65.42,157.9,26.39,57.07,3.03,11.94,142.0
123.6,235.47,21.12,60.72,1.46,59.47,213.0
188.12,354.74,19.36,54.01,4.73,37.28,325.0
121.08,167.51,21.54,59.95,1.64,47.57,187.0
19.17,23.03,27.57,39.02,4.68,124.93,72.0
239.66,539.99,18.45,53.98,2.29,32.82,394.0
235.97,310.03,20.17,62.9,7.41,119.23,385.0
197.37,399.48,24.36,51.64,0.37,104.51,336.0
247.88,592.17,19.66,63.97,5.59,55.7,476.0
138.4,203.62,26.77,52.56,1.78,86.52,220.0
240.88,497.38,33.46,46.68,0.11,72.22,438.0
23.52,30.63,29.96,45.18,8.71,27.98,67.0
94.59,187.75,28.33,50.55,6.75,137.01,217.0
60.22,85.1,26.65,31.15,1.08,89.75,107.0
52.98,114.26,24.76,63.43,6.67,133.23,145.0
39.5,62.86,18.73,72.26,6.16,125.34,119.0
157.49,283.86,32.89,47.73,4.79,21.17,279.0
196.42,388.77,19.97,32.3,4.25,39.02,292.0
146.68,208.68,16.83,79.34,8.88,30.34,281.0
41.01,88.74,30.0,43.18,2.53,126.31,91.0
203.73,324.62,18.51,36.33,4.04,130.74,303.0
160.81,331.44,22.44,48.49,3.36,83.92,280.0
100.1,140.72,15.57,66.93,7.73,24.58,171.0
170.16,356.41,17.74,44.7,9.17,28.99,287.0
68.68,93.86,18.46,58.74,8.51,123.9,163.0
89.57,157.02,16.09,50.78,8.0,140.09,183.0
229.78,349.59,28.13,35.89,9.87,37.93,362.0
76.17,165.52,31.74,46.51,7.0,11.56,174.0
120.15,185.1,22.47,66.24,7.54,56.33,229.0
223.08,523.41,32.49,60.6,9.83,14.27,478.0
178.39,420.89,19.27,35.99,0.17,125.92,291.0
20.24,29.46,21.51,38.17,6.38,78.81,78.0
41.09,82.1,18.01,62.04,7.42,99.86,106.0
6.92,9.09,27.41,70.67,9.19,67.61,67.0
159.58,272.71,23.4,47.47,8.85,58.37,280.0
114.68,243.96,27.27,59.77,8.44,41.11,250.0
37.9,77.96,30.23,38.53,9.46,117.87,131.0
239.69,482.29,25.91,45.57,5.42,107.38,417.0
134.77,211.22,27.55,31.01,0.17,60.5,187.0
64.26,108.7,33.71,68.41,0.21,54.96,126.0
127.65,170.26,20.98,50.05,5.49,10.17,198.0
171.51,366.12,22.18,70.81,4.41,18.9,344.0
23.68,43.93,29.35,65.42,4.57,97.26,86.0
72.3,153.38,27.23,71.44,4.06,82.05,195.0
202.71,308.85,18.57,44.28,9.19,70.87,312.0
117.62,190.75,22.52,39.26,3.66,125.85,206.0
138.91,227.05,24.36,78.6,8.58,80.55,316.0
111.04,136.96,23.39,65.87,9.04,63.83,215.0
15.76,25.89,18.57,71.7,5.05,32.58,43.0
45.61,102.36,33.49,30.66,4.52,124.9,123.0
114.16,270.15,30.25,47.72,7.63,90.67,260.0
56.25,105.4,24.63,67.14,7.11,22.94,135.0
17.24,30.91,28.6,33.9,3.35,100.85,80.0
211.69,262.52,32.95,58.37,1.12,69.51,318.0
245.39,574.95,17.72,51.45,2.72,123.59,437.0
199.32,242.56,20.01,30.88,1.4,138.65,241.0
214.18,520.06,25.85,41.8,3.02,94.07,397.0
64.28,118.02,30.98,44.24,2.69,112.43,146.0
240.35,395.27,15.73,35.59,6.41,17.92,328.0
53.25,127.87,34.68,61.58,9.55,88.44,182.0
238.1,293.27,24.1,42.12,6.89,115.75,341.0
248.73,486.48,22.18,43.88,9.27,79.55,433.0
179.37,343.25,20.85,74.91,7.86,93.1,382.0
245.38,364.42,18.49,53.36,7.31,135.85,377.0
144.54,254.03,30.83,49.61,4.2,37.73,279.0
68.59,140.46,34.11,66.19,3.32,23.75,168.0
112.06,240.41,23.27,75.48,8.48,106.69,290.0
150.42,180.65,34.05,31.25,9.06,125.2,263.0
22.9,55.38,31.48,52.41,4.57,129.07,108.0
157.47,222.65,24.62,60.54,0.19,99.83,237.0
245.39,368.98,28.48,45.93,7.95,126.65,408.0
51.58,79.56,23.7,68.62,2.92,108.09,126.0
199.19,248.82,26.17,78.57,0.2,22.23,309.0
227.44,309.3,16.16,77.17,8.07,116.69,381.0
236.21,586.33,28.93,43.3,5.22,35.11,434.0
240.23,386.72,16.06,41.32,6.88,43.13,335.0
132.76,179.21,31.34,77.87,9.16,65.25,275.0
244.44,327.33,31.5,52.93,5.46,54.04,399.0
190.54,406.86,19.74,40.41,5.08,55.03,315.0
44.61,103.09,21.47,65.35,2.98,33.7,96.0
121.84,186.91,24.63,44.22,3.12,51.14,218.0
180.99,222.11,26.93,43.36,7.99,12.75,282.0
65.6,97.74,20.75,73.96,4.55,76.21,149.0
161.95,206.24,26.85,38.12,1.72,117.6,256.0
168.32,224.6,20.96,33.22,1.04,130.71,233.0
44.86,79.0,16.11,43.46,4.78,124.86,95.0
143.45,215.01,15.05,60.35,4.7,68.3,216.0
194.05,363.01,17.02,36.15,6.57,112.26,314.0
127.23,194.6,30.85,53.58,4.76,50.3,209.0
7.97,19.3,34.23,61.37,1.52,17.78,28.0
7.21,17.15,23.54,72.44,5.13,104.64,43.0
92.47,179.1,25.25,41.49,9.08,100.83,204.0
231.92,385.16,17.94,70.87,1.68,122.23,391.0
61.03,103.47,26.02,41.75,6.93,96.25,142.0
160.42,278.39,17.89,63.84,5.98,31.96,283.0
59.41,127.48,27.22,51.53,7.51,129.44,186.0
83.81,149.78,33.67,35.73,1.59,97.82,154.0
212.77,492.3,18.91,65.71,9.42,123.07,473.0
183.57,445.59,30.29,40.89,6.25,118.37,384.0
28.37,46.44,15.47,38.83,8.49,51.7,90.0
110.03,212.24,22.51,47.92,2.54,20.44,177.0
12.15,16.08,17.21,62.66,7.42,34.71,75.0
122.82,179.39,22.05,41.7,7.83,23.0,209.0
167.3,290.68,18.47,39.18,4.03,44.08,261.0
34.03,49.96,22.47,30.5,3.9,74.33,72.0
75.78,177.28,23.35,53.58,6.61,136.95,180.0
102.47,144.05,21.01,51.43,1.02,132.08,170.0
230.29,412.75,28.13,41.69,7.38,110.6,387.0
248.35,493.57,33.38,32.68,0.52,13.38,394.0
16.0,33.6,23.01,51.46,1.99,57.79,49.0
191.45,325.08,18.85,69.41,6.68,105.53,371.0
96.07,223.83,20.41,65.76,1.07,28.06,186.0
101.15,196.12,32.08,73.04,9.72,122.15,279.0
189.79,336.2,26.43,30.48,8.7,138.04,327.0
230.01,296.12,24.1,78.32,6.3,59.57,378.0
237.98,429.33,17.99,47.07,8.21,108.82,390.0
146.4,331.87,23.99,79.52,8.89,30.75,342.0
92.49,184.89,20.57,42.63,2.67,106.71,158.0
197.95,451.68,33.86,53.58,8.51,13.0,414.0
66.5,122.5,32.68,47.7,2.03,31.11,121.0
143.2,193.89,16.68,47.79,4.19,109.38,214.0
92.85,113.07,25.33,72.11,5.63,109.66,184.0
165.87,264.43,19.5,67.32,7.17,99.76,292.0
63.9,134.66,23.22,79.61,0.4,76.83,141.0
51.94,115.69,32.54,60.68,2.98,104.49,145.0
229.97,364.38,25.55,53.16,6.12,118.33,393.0
29.94,55.22,21.68,34.5,3.64,145.31,78.0
128.96,225.35,19.16,79.83,7.77,134.41,286.0
59.11,102.48,31.01,57.58,6.55,121.23,158.0
14.54,21.82,27.49,65.02,2.42,107.27,48.0
13.82,19.04,24.36,50.34,1.54,90.38,55.0
47.93,69.77,19.35,57.39,6.33,26.89,105.0
217.36,276.47,21.68,77.13,4.56,33.18,343.0
74.21,108.16,34.2,38.32,1.77,124.84,125.0
237.86,288.28,25.4,44.62,3.33,122.46,331.0
147.5,297.27,23.01,37.6,3.1,96.02,270.0
111.97,180.42,25.43,69.61,1.17,71.44,185.0
147.12,362.67,30.58,33.1,5.51,13.64,281.0
131.59,191.05,21.8,34.08,7.66,55.8,206.0
190.9,314.9,18.57,44.92,5.8,68.89,296.0
74.21,123.58,26.7,55.71,8.28,78.01,158.0
91.5,110.8,28.3,50.31,1.36,140.11,159.0
224.05,513.3,29.25,32.24,4.41,25.22,374.0
236.88,294.11,32.64,77.87,6.13,82.64,436.0
223.68,541.8,22.42,77.64,6.79,61.51,484.0
107.76,254.29,16.51,43.97,6.99,148.61,216.0
196.19,372.01,34.17,66.58,7.32,130.66,444.0
121.7,232.05,23.7,58.93,6.55,71.43,242.0
126.9,260.13,27.47,41.87,1.03,149.96,241.0
55.15,93.92,28.33,43.11,6.98,81.97,138.0
149.83,305.86,25.93,54.56,7.28,33.4,307.0
50.6,63.67,19.11,50.96,9.94,87.82,114.0
86.23,109.54,30.1,44.56,6.96,41.67,169.0
214.48,384.87,31.08,70.38,6.9,99.08,444.0
55.73,106.7,26.06,54.07,5.2,141.24,142.0
22.43,52.81,24.77,62.74,8.69,120.07,102.0
21.91,29.27,17.28,39.46,9.97,48.24,84.0
235.49,534.44,16.68,56.68,7.81,51.56,419.0
129.2,190.31,21.79,45.9,6.16,19.7,208.0
105.31,180.32,21.22,56.32,0.88,50.02,189.0
203.67,328.22,34.07,69.04,7.29,22.97,410.0
209.78,360.86,30.67,68.45,7.11,79.92,434.0
86.39,120.57,28.2,47.71,7.78,109.17,174.0
174.94,324.44,25.35,64.71,1.33,115.17,330.0
193.93,434.81,18.35,77.06,6.57,18.33,376.0
165.39,293.4,34.57,61.28,3.03,57.59,318.0
42.14,77.45,22.5,37.42,7.63,50.34,121.0
219.59,505.81,17.14,63.99,2.48,24.6,384.0
137.08,290.31,24.88,35.25,6.87,60.75,263.0
74.21,136.36,32.48,73.61,3.02,51.9,178.0
109.18,167.59,32.75,55.83,0.19,98.83,205.0
14.2,33.39,15.22,49.26,6.37,133.66,62.0
36.33,70.84,32.73,32.85,1.22,73.68,82.0
192.56,286.43,20.43,49.04,6.63,114.53,307.0
5.0,7.75,15.78,75.16,9.26,30.44,72.0
107.06,240.25,31.96,31.05,9.7,135.3,233.0
133.01,167.25,32.28,53.73,2.44,31.36,213.0
18.39,45.77,26.92,76.56,8.11,36.89,96.0
243.4,333.33,26.49,49.74,3.6,24.9,336.0
60.4,134.99,31.26,51.41,9.01,53.36,160.0
79.53,136.25,30.73,58.93,7.9,87.34,175.0
79.47,146.21,32.8,53.15,0.83,148.32,163.0
61.45,144.1,26.05,38.43,4.13,121.07,150.0
5.36,9.31,34.35,30.93,3.44,63.26,39.0
183.69,348.78,34.92,60.49,7.87,90.62,400.0
241.88,305.75,17.33,76.04,4.16,97.26,361.0
59.95,72.13,31.99,35.32,6.88,125.18,146.0
167.45,254.22,25.0,40.55,6.06,113.1,275.0
186.76,389.36,22.75,48.51,9.76,89.7,361.0
212.86,288.99,27.26,70.44,9.38,103.69,408.0
108.54,146.31,16.12,43.46,4.33,114.43,157.0
79.22,137.38,25.13,74.1,7.26,28.64,182.0
84.7,172.97,32.42,32.75,8.31,38.06,187.0
179.59,381.76,19.27,77.05,9.0,106.4,383.0
205.11,293.72,23.53,58.04,0.77,129.06,326.0
49.5,64.52,33.79,62.94,3.09,67.3,114.0
95.88,232.27,23.57,48.38,3.27,147.18,210.0
225.98,347.75,22.17,69.1,4.4,40.25,371.0
202.64,467.97,23.81,38.33,1.78,68.34,351.0
246.29,572.02,25.39,32.45,5.01,62.99,432.0
189.79,418.35,27.64,49.78,6.67,140.24,391.0
101.33,143.84,31.01,72.68,5.02,49.95,216.0
149.71,339.59,24.04,67.75,6.69,75.91,335.0
166.95,367.29,31.35,55.86,0.76,36.21,301.0
24.22,47.86,25.67,58.61,8.77,82.98,90.0
138.4,226.75,21.77,36.49,9.4,130.04,259.0
178.78,275.55,28.16,72.03,6.22,52.57,335.0
45.99,62.48,29.35,69.35,8.83,123.51,151.0
196.25,365.56,26.16,62.82,1.4,137.58,375.0
148.02,290.25,16.13,53.31,7.99,20.21,258.0
238.29,397.27,18.4,78.22,1.28,115.9,404.0
15.39,27.98,20.71,73.95,4.14,45.75,48.0
70.0,117.09,20.65,62.22,3.31,34.55,132.0
152.38,309.84,28.47,48.59,5.9,94.16,308.0
77.66,184.17,15.37,60.9,3.08,108.78,159.0
180.03,254.41,30.11,58.77,6.41,65.27,310.0
190.96,323.83,20.31,49.71,3.74,15.48,316.0
30.12,41.65,21.2,45.33,8.62,137.22,104.0
130.89,263.42,25.56,50.35,6.38,112.3,260.0
129.68,278.49,19.32,58.7,2.23,48.03,239.0
95.47,230.23,32.69,51.41,3.43,79.56,218.0
233.57,364.96,16.71,43.18,8.49,13.89,324.0
207.74,505.9,23.89,68.05,3.93,57.5,436.0
175.82,225.44,31.99,56.57,5.4,83.15,295.0
180.01,357.13,27.32,33.38,6.52,82.41,331.0
118.12,150.52,20.85,48.42,3.54,39.15,176.0
230.64,544.76,23.42,74.25,3.01,118.74,484.0
175.18,330.86,29.13,67.76,4.81,51.84,349.0
183.6,380.08,34.47,46.16,2.23,91.26,362.0
216.11,492.97,32.86,76.91,2.91,48.01,484.0
72.15,100.67,21.85,33.83,0.71,69.52,124.0
202.73,253.45,34.96,78.06,3.11,39.05,371.0
52.83,123.77,15.07,42.29,3.27,98.62,116.0
89.61,144.22,15.55,30.45,9.62,69.58,147.0
87.22,119.29,31.48,51.69,5.94,12.26,159.0
244.74,442.73,18.99,47.95,7.9,13.94,391.0
214.85,424.93,16.22,56.95,0.55,75.96,331.0
176.79,219.26,19.74,69.84,1.15,35.65,265.0
183.13,285.2,23.52,72.12,8.16,91.91,340.0
142.71,177.33,29.61,50.06,6.27,67.15,234.0
237.04,413.97,27.49,51.49,1.99,101.62,392.0
126.58,299.2,19.75,37.41,4.11,143.34,247.0
98.23,243.35,25.07,32.38,5.43,84.02,193.0
44.94,91.15,33.52,62.06,8.45,120.23,142.0
197.62,278.67,31.3,33.22,0.7,115.43,299.0
184.94,439.71,21.46,66.69,6.01,139.05,394.0
99.17,185.55,34.65,56.95,7.2,39.96,213.0
11.17,15.64,29.17,39.93,9.78,125.83,81.0
210.55,504.96,16.25,56.98,8.09,136.77,431.0
7.8,17.04,15.7,39.15,2.83,64.99,28.0
177.41,381.64,18.37,51.94,7.12,53.93,320.0
242.71,515.02,29.56,69.98,7.66,143.29,500.0
112.23,163.9,18.67,53.1,7.32,97.87,189.0
62.57,92.25,25.23,37.43,8.22,63.29,125.0
177.69,372.23,16.87,66.19,9.05,120.86,345.0
205.2,304.85,33.42,39.34,1.07,52.63,320.0
138.88,245.85,21.88,66.93,1.14,34.7,234.0
241.92,536.25,33.16,53.97,7.98,86.16,500.0
17.66,39.19,33.9,52.69,2.6,89.27,60.0
128.67,230.23,15.12,72.57,0.68,125.6,216.0
181.02,403.65,24.28,65.43,4.07,73.98,380.0
216.35,495.48,15.49,31.65,8.22,124.04,370.0
48.92,100.34,33.17,44.81,1.35,53.59,106.0
201.0,300.89,25.37,73.55,6.75,90.55,362.0
140.41,218.51,16.5,30.92,0.14,39.19,190.0
102.16,164.4,17.21,57.26,1.19,63.96,158.0
37.27,50.38,22.67,66.39,3.57,130.06,95.0
217.0,337.45,33.8,61.09,0.93,40.24,380.0
43.53,64.1,28.86,68.03,8.47,123.43,144.0
80.9,144.96,32.35,66.28,8.65,49.6,193.0
76.06,181.1,22.33,64.6,7.58,14.83,182.0
218.5,291.87,15.86,71.08,2.5,25.39,303.0
169.81,362.78,34.49,62.28,5.28,114.42,354.0
200.19,419.08,15.34,50.12,1.92,46.69,305.0
66.36,87.9,33.95,53.6,2.88,101.58,131.0
158.09,379.32,22.37,65.84,5.21,107.89,331.0
145.08,281.31,15.2,73.82,7.38,58.32,285.0
209.04,349.7,28.78,43.61,1.04,76.49,321.0
226.99,495.64,34.61,47.1,3.04,66.53,446.0
7.98,12.24,34.31,76.54,9.27,142.63,94.0
170.13,357.55,18.22,58.93,4.35,54.79,313.0
17.7,22.15,18.62,38.95,9.39,35.67,55.0
139.47,319.56,26.31,63.18,9.91,61.18,302.0
75.47,134.53,27.75,79.54,5.31,103.73,203.0
80.16,162.54,29.79,71.17,2.95,107.63,183.0
91.47,136.08,18.62,67.29,7.93,139.37,216.0
157.22,327.04,34.18,40.4,1.68,133.45,309.0
86.84,191.39,27.77,73.81,2.6,50.36,202.0
184.51,334.92,31.94,56.29,7.87,73.72,381.0
104.11,208.54,25.8,74.46,4.39,114.62,241.0
21.75,39.0,23.29,46.49,2.1,138.32,70.0
197.02,465.43,34.54,33.1,6.55,57.2,402.0
75.01,138.56,26.64,53.8,7.35,72.22,174.0
111.03,254.74,32.34,43.49,1.34,135.93,226.0
172.93,387.68,34.07,65.76,2.84,60.19,382.0
86.45,149.88,28.51,77.86,2.29,77.27,163.0
18.86,28.28,25.98,64.55,3.86,136.63,92.0
96.61,166.93,15.07,74.35,7.66,122.31,222.0
236.39,537.57,15.8,52.65,7.17,44.08,425.0
162.22,242.68,19.02,68.58,6.66,55.47,290.0
169.51,318.98,18.72,72.15,0.16,59.41,286.0
159.91,359.46,20.1,65.54,1.51,137.78,313.0
53.75,89.2,21.1,55.39,2.31,149.85,106.0
107.49,218.73,22.2,61.29,2.79,118.36,234.0
188.98,287.12,23.41,65.03,1.55,77.81,301.0
29.84,40.04,16.98,42.65,4.16,11.42,59.0
73.07,163.15,15.85,70.48,0.84,107.65,152.0
72.7,96.59,28.48,77.52,7.53,64.51,160.0
110.84,172.12,25.75,53.26,7.9,98.62,204.0
245.19,566.79,23.88,65.05,5.79,94.94,500.0
21.54,35.55,27.69,66.85,0.99,77.32,53.0
132.08,325.58,31.55,63.11,8.91,142.21,350.0
48.94,121.07,23.55,57.36,9.66,13.24,152.0
242.82,376.06,27.82,74.08,2.1,109.7,437.0
32.76,41.06,34.07,52.45,7.08,67.38,109.0
103.88,219.88,31.79,33.06,8.44,109.93,234.0
185.78,331.86,23.52,72.23,5.44,104.53,358.0
177.62,236.4,27.89,63.7,3.3,11.43,271.0
108.57,230.14,18.54,72.46,4.84,49.95,224.0
89.9,111.52,26.21,36.93,5.17,36.47,142.0
102.42,238.76,34.63,31.54,4.07,33.38,213.0
69.75,96.27,25.37,76.72,9.31,111.99,184.0
55.31,75.52,33.55,37.39,7.46,43.54,120.0
123.34,176.18,23.15,70.48,2.49,76.46,211.0
70.79,173.32,34.98,71.16,5.9,44.58,191.0
75.43,158.48,26.58,65.44,6.92,91.23,208.0
165.91,371.92,15.85,36.56,1.49,110.88,275.0
242.29,416.0,26.74,63.37,3.65,56.35,411.0
152.89,250.31,20.49,74.45,9.06,94.42,315.0
23.86,35.91,15.65,51.28,5.72,125.48,61.0
23.52,42.92,31.42,50.68,2.25,23.19,65.0
238.1,456.53,20.51,52.14,1.32,109.49,381.0
77.84,157.33,30.93,34.11,5.23,55.24,162.0
27.56,42.28,20.76,74.6,5.52,27.17,58.0
151.77,369.28,18.89,73.46,3.41,86.39,306.0
157.79,224.18,34.48,79.9,6.34,41.68,327.0
163.88,402.39,22.23,59.26,0.78,124.99,320.0
70.51,85.98,27.03,67.56,1.54,16.01,104.0
8.7,15.89,27.2,40.13,5.51,23.81,58.0
241.43,394.34,26.21,63.38,0.71,82.94,423.0
66.47,118.57,33.29,62.49,8.82,92.45,197.0
170.63,331.33,28.49,75.06,1.51,112.18,337.0
178.12,314.61,23.07,71.54,6.77,46.3,356.0
154.45,268.64,32.25,76.92,3.97,127.85,321.0
81.66,175.78,18.62,73.44,4.06,143.44,190.0
71.42,149.38,25.88,73.43,7.67,79.87,194.0
151.43,345.75,34.01,33.19,5.04,116.47,327.0
217.19,331.21,27.51,72.3,7.28,83.48,419.0
236.95,472.1,31.34,60.37,5.1,19.73,452.0
30.95,60.68,28.07,49.02,5.97,55.66,83.0
42.93,72.16,31.79,32.83,7.63,22.25,113.0
236.46,433.17,33.89,63.88,6.11,148.44,487.0
185.45,298.19,20.46,46.41,6.19,42.06,290.0
221.33,306.41,18.39,53.39,7.91,99.03,327.0
54.64,80.76,24.68,64.09,9.5,49.81,148.0
148.96,199.18,29.04,75.59,3.83,101.45,285.0
176.78,369.11,19.54,71.27,5.81,39.46,329.0
171.63,353.37,15.08,52.53,0.95,119.94,291.0
105.0,255.75,21.86,49.39,3.65,25.51,208.0
8.77,18.85,34.38,41.99,4.18,135.32,73.0
147.82,187.38,28.9,48.62,8.37,127.66,265.0
67.01,157.44,23.03,35.55,5.18,105.03,150.0
115.31,267.69,18.85,78.56,7.34,19.44,258.0
239.61,425.62,22.12,58.7,0.29,39.2,375.0
102.76,201.58,18.4,36.39,4.7,130.31,187.0
210.75,520.32,17.13,47.64,9.02,27.08,402.0
51.19,96.86,33.13,57.35,2.32,31.83,120.0
169.75,403.49,34.95,56.64,0.41,86.16,348.0
244.37,319.62,18.28,31.78,4.39,48.38,311.0
29.96,43.4,16.09,77.54,7.07,41.09,100.0
7.04,12.48,21.59,43.77,4.6,90.61,47.0
111.23,218.03,24.23,30.81,4.65,62.16,195.0
27.69,62.62,19.1,33.82,6.73,29.68,80.0
188.35,468.01,21.03,59.01,2.62,84.88,361.0
229.06,390.67,19.02,36.89,7.54,64.18,339.0
111.34,140.46,30.49,32.09,1.62,112.83,176.0
68.38,153.29,29.25,48.98,4.02,24.39,141.0
111.43,221.26,27.7,61.14,6.59,96.89,259.0
182.24,265.73,22.74,35.59,8.3,71.11,292.0
7.22,13.31,33.18,45.67,7.94,66.85,79.0
149.42,323.49,34.39,50.89,7.24,42.52,342.0
155.26,341.8,18.47,37.97,3.66,14.26,247.0
161.23,298.2,19.46,55.3,1.31,128.68,274.0
64.3,102.67,25.51,34.26,2.25,55.7,110.0
179.94,443.72,16.83,32.33,8.66,105.35,322.0
27.39,56.49,23.73,55.99,8.59,142.66,123.0
53.82,93.15,26.64,42.39,9.52,89.1,125.0
219.98,344.18,25.44,34.77,0.85,65.6,309.0
185.99,399.95,21.62,51.2,5.41,47.56,322.0
8.37,12.68,25.85,75.76,6.52,140.77,73.0
65.85,93.72,34.18,66.21,7.14,105.49,181.0
57.53,108.66,19.12,70.78,6.47,103.14,146.0
71.35,112.51,28.1,73.6,7.72,69.66,185.0
65.65,132.46,15.87,78.63,3.66,128.31,153.0
20.32,27.5,16.33,68.16,1.88,109.91,69.0
117.44,240.92,26.04,60.42,2.13,49.65,222.0
184.52,289.38,17.1,48.27,0.22,93.94,239.0
153.65,184.43,15.45,39.08,3.57,70.23,198.0
169.85,231.85,18.43,64.33,1.01,10.92,214.0
24.88,60.06,26.3,79.75,3.28,123.07,84.0
238.12,554.23,29.07,53.37,6.32,27.2,467.0
210.43,316.42,19.05,66.18,8.96,81.39,352.0
202.25,447.35,28.37,54.75,8.41,57.07,412.0
206.63,411.43,18.65,51.6,2.6,57.89,324.0
233.51,574.95,27.27,50.52,1.43,76.83,436.0
138.34,233.2,23.24,55.23,2.01,149.58,261.0
54.07,112.78,28.08,48.34,9.71,67.17,147.0
156.11,200.23,34.9,67.44,5.54,35.53,264.0
187.01,320.74,33.76,73.71,1.91,95.9,369.0
185.79,455.74,15.09,74.14,8.42,43.08,374.0
132.76,252.32,32.71,41.38,4.01,24.78,230.0
21.77,34.28,16.33,74.8,9.0,17.02,89.0
95.92,130.1,34.06,47.08,2.68,13.2,151.0
230.59,487.6,20.64,45.47,3.99,70.36,375.0
148.19,302.06,22.64,66.34,5.1,69.74,299.0
136.89,230.82,16.83,45.23,8.94,35.98,239.0
70.87,172.65,17.25,32.65,8.7,119.76,168.0
95.27,117.07,29.53,48.68,5.79,28.1,139.0
224.36,357.82,33.89,66.07,2.3,138.14,414.0
168.28,403.44,27.21,46.35,4.09,92.26,337.0
197.91,320.06,29.32,61.48,9.76,13.87,370.0
116.31,177.72,30.24,63.01,6.12,144.82,247.0
159.41,302.0,20.26,66.69,7.83,53.11,298.0
65.85,149.55,15.9,74.86,4.55,73.0,139.0
177.84,237.25,15.04,51.63,5.37,49.8,269.0
109.76,266.28,22.01,38.32,4.35,111.98,218.0
113.42,253.34,19.83,45.95,7.06,78.0,232.0
164.08,235.56,16.25,51.61,8.53,28.53,252.0
234.39,498.22,18.59,65.69,5.12,24.59,422.0
20.68,35.17,17.49,30.66,4.86,111.55,64.0
207.06,356.76,33.3,45.79,3.47,43.19,343.0
76.63,170.0,17.81,68.99,1.85,29.29,132.0
113.76,278.9,25.75,63.54,9.4,79.92,290.0
10.37,14.15,26.86,66.59,3.23,122.39,62.0
78.76,137.57,25.87,70.59,8.03,49.03,196.0
128.14,233.89,16.98,69.16,7.18,48.7,251.0
18.76,31.69,21.38,64.11,7.93,126.74,88.0
125.32,209.55,16.03,51.98,9.37,30.7,229.0
232.14,294.34,22.91,79.18,6.27,96.34,405.0
30.82,64.45,18.77,58.45,8.99,143.7,128.0
192.29,339.79,26.23,40.14,1.76,127.78,334.0
105.37,153.13,28.86,44.64,6.3,18.65,203.0
165.52,374.21,25.64,64.68,7.75,54.79,365.0
68.76,154.25,23.68,76.24,2.79,29.93,158.0
44.08,80.76,22.75,38.94,7.43,142.89,134.0
44.31,70.37,31.83,34.12,7.81,148.03,124.0
22.27,45.2,19.39,74.08,8.33,42.9,85.0
50.48,79.49,29.68,75.76,3.2,103.76,135.0
167.73,252.74,30.15,43.82,6.85,127.83,292.0
221.01,475.11,23.38,48.86,3.11,42.72,388.0
204.46,256.07,20.95,63.01,7.42,36.28,319.0
172.86,228.73,24.41,46.5,4.68,11.57,241.0
32.06,38.75,16.86,73.86,6.02,67.67,87.0
75.85,106.1,15.92,35.38,4.22,135.92,141.0
80.9,104.34,17.23,31.9,1.7,136.42,120.0
66.24,165.24,18.74,40.42,1.86,27.88,120.0
131.18,206.66,25.08,44.3,0.87,38.61,197.0
136.21,189.88,31.98,35.65,6.22,67.13,232.0
92.44,139.88,19.71,33.28,8.5,119.29,167.0
91.68,221.58,33.7,67.78,0.31,95.66,220.0
208.0,390.24,34.1,38.21,0.76,81.94,341.0
198.38,332.13,34.18,75.7,4.63,92.87,403.0
80.41,187.79,31.75,48.4,7.4,23.47,185.0
228.88,392.18,22.28,63.53,1.66,76.87,382.0
238.44,389.97,16.45,41.27,2.79,148.89,343.0
85.05,124.98,26.38,42.02,2.4,22.38,130.0
91.83,155.3,26.17,58.74,4.05,82.69,189.0
128.88,207.72,32.0,58.03,2.33,51.39,235.0
235.57,490.11,34.92,68.44,3.59,85.59,500.0
219.7,346.34,25.16,67.89,7.31,90.33,392.0
30.13,58.76,21.9,63.53,6.15,90.85,92.0
101.22,130.13,18.72,52.46,0.9,129.31,140.0
140.58,203.65,15.1,74.53,6.41,64.56,243.0
128.27,221.85,25.18,61.13,4.82,82.29,237.0
52.5,126.94,26.11,79.51,9.35,11.53,160.0
215.41,364.14,31.5,70.97,2.96,120.54,419.0
170.85,352.52,25.09,32.22,7.29,46.33,305.0
210.29,322.08,33.33,46.03,7.34,124.32,390.0
215.4,294.05,27.56,58.59,2.29,47.19,332.0
188.35,240.35,31.81,66.07,9.04,11.51,352.0
112.61,179.84,17.97,57.52,4.96,31.68,166.0
154.58,217.18,32.11,69.31,6.82,148.0,341.0
44.29,63.17,28.5,44.13,1.54,54.77,87.0
170.04,372.22,18.4,39.2,2.65,25.24,269.0
48.92,59.71,18.8,32.7,5.9,26.63,75.0
175.02,336.94,33.53,58.67,3.26,53.45,337.0
61.25,103.72,15.64,64.43,5.05,15.27,122.0
33.8,62.82,24.25,46.31,3.8,81.61,92.0
45.49,87.88,21.27,60.68,6.44,39.92,120.0
5.49,8.82,28.3,32.61,4.92,82.7,39.0
181.09,286.78,31.79,34.96,0.15,29.71,254.0
184.44,397.17,22.21,65.09,6.53,70.18,371.0
131.16,305.95,23.54,48.4,4.28,93.71,269.0
44.53,64.59,34.64,63.57,3.48,18.68,97.0
25.47,33.8,30.68,71.59,1.03,65.82,76.0
9.69,22.93,32.94,72.63,2.28,52.35,47.0
45.61,75.48,23.78,38.61,2.32,43.65,81.0
223.26,427.92,19.68,54.31,9.36,94.63,409.0
64.18,107.01,23.24,66.7,4.38,92.4,155.0
91.8,125.17,29.32,68.7,0.52,98.3,153.0
30.81,60.58,17.19,69.23,1.47,32.24,52.0
59.48,111.98,20.41,41.41,0.88,50.0,94.0
132.21,193.54,15.93,39.63,5.93,39.36,222.0
153.9,275.08,23.65,59.5,1.95,85.67,266.0
65.11,145.59,31.55,67.05,5.04,74.55,173.0
19.14,37.67,15.49,45.96,3.76,56.24,60.0
100.8,133.66,28.51,35.24,8.06,120.04,200.0
62.38,119.3,33.65,65.84,3.27,23.16,141.0
58.79,124.26,19.74,44.98,4.64,146.49,149.0
240.17,535.69,28.87,38.32,7.24,26.32,426.0
155.99,314.77,34.5,37.39,4.39,118.23,296.0
141.44,197.79,34.25,45.75,7.95,61.55,273.0
106.86,226.9,19.7,59.63,6.65,131.14,234.0
110.09,229.05,17.01,47.92,4.16,20.38,174.0
137.52,169.39,17.97,31.03,5.09,62.46,168.0
175.63,304.76,29.04,34.85,9.68,56.96,302.0
177.03,289.05,29.52,44.53,6.65,149.04,326.0
47.07,97.44,28.48,62.99,9.06,147.98,172.0
127.53,188.87,21.72,34.93,1.87,36.57,170.0
105.93,208.48,18.4,58.03,4.88,98.19,210.0
218.28,521.07,26.62,35.99,9.1,84.97,417.0
159.7,357.27,24.67,40.58,3.29,31.61,291.0
135.46,324.83,29.58,38.61,9.68,33.49,315.0
33.27,82.25,23.83,33.36,1.06,148.5,82.0
153.38,186.19,21.77,63.57,9.04,73.38,270.0
33.71,67.75,20.87,53.17,4.51,27.61,84.0
87.62,152.16,19.23,71.55,0.83,40.07,151.0
40.0,92.7,20.31,34.94,8.81,47.57,115.0
174.56,266.61,16.9,37.24,2.59,81.53,242.0
55.53,137.46,21.94,45.32,0.32,56.98,102.0
101.01,201.79,15.73,68.29,1.44,73.7,195.0
224.44,500.86,18.73,45.29,6.63,33.31,386.0
55.06,72.2,29.94,50.42,9.78,55.74,136.0
129.41,186.16,21.51,45.08,1.2,19.84,201.0
107.72,235.47,28.36,34.01,4.67,134.56,218.0
9.44,11.6,29.34,76.97,1.89,37.83,37.0
199.23,450.64,26.62,57.43,7.48,115.97,424.0
21.92,26.7,34.17,69.39,1.27,58.94,54.0
121.19,248.96,15.43,62.92,2.47,76.42,220.0
142.37,238.41,29.77,55.71,2.04,50.78,239.0
158.96,317.13,34.18,34.48,5.57,107.5,311.0
173.71,365.64,32.25,62.14,8.74,128.24,386.0
67.05,110.31,18.36,37.77,5.16,50.08,104.0
7.44,9.98,21.54,50.72,0.68,43.91,40.0
182.24,235.19,18.45,61.46,5.68,105.4,273.0
136.24,267.79,27.03,69.11,8.0,37.32,275.0
209.85,393.86,29.24,64.25,1.41,99.58,381.0
206.24,446.48,21.34,63.58,0.82,23.22,380.0
211.61,394.17,25.79,37.45,1.96,96.82,318.0
123.85,216.63,28.82,47.31,7.49,81.88,236.0
86.74,148.98,23.43,32.15,5.96,25.95,132.0
198.93,245.56,32.08,65.97,5.45,100.87,350.0
115.57,189.09,30.43,77.63,2.57,72.52,230.0
49.94,123.3,16.29,43.21,3.39,40.4,96.0
214.47,500.92,27.42,34.38,9.66,59.47,427.0
221.23,360.2,19.71,53.78,2.48,78.89,325.0
119.25,234.21,26.15,72.83,9.03,22.82,268.0
23.55,54.19,34.14,57.6,5.85,144.07,115.0
100.02,177.4,32.58,32.34,1.32,103.18,165.0
201.87,246.95,23.09,78.71,4.73,24.35,329.0
225.93,293.01,20.83,71.43,9.49,125.2,389.0
54.85,102.22,19.69,36.58,4.24,55.16,107.0
21.41,52.67,25.65,76.09,8.65,93.55,113.0
219.95,462.15,17.28,52.53,2.64,48.8,338.0
100.4,129.74,25.99,48.59,5.75,112.68,197.0
137.73,199.18,15.03,53.05,8.45,111.22,253.0
242.18,533.45,21.48,71.73,9.21,87.29,500.0
21.31,48.88,19.4,62.97,4.91,43.73,61.0
163.84,328.17,34.42,32.96,6.43,45.52,319.0
23.16,47.19,29.54,77.88,0.13,63.6,79.0
96.99,119.96,21.99,37.39,2.61,30.3,130.0
201.93,459.82,16.86,67.28,2.86,57.27,368.0
111.2,247.39,25.34,61.81,1.03,105.81,227.0
249.31,383.13,19.27,39.38,2.87,126.32,333.0
141.97,301.16,25.73,38.54,3.28,56.56,246.0
83.68,123.8,31.71,73.52,9.69,42.7,224.0
58.93,73.8,27.32,50.98,6.72,126.57,138.0
90.88,132.82,27.68,62.73,4.32,134.7,180.0
96.27,137.88,25.82,55.2,9.88,67.4,207.0
21.83,35.79,33.55,66.37,1.62,13.77,43.0
95.55,166.63,33.64,53.96,4.81,107.29,208.0
118.74,220.98,25.25,44.37,6.51,119.76,221.0
182.07,331.33,21.12,48.17,0.65,12.52,260.0
165.9,257.45,24.19,72.95,7.2,93.3,328.0
178.65,221.15,18.73,53.4,1.09,92.37,245.0
7.05,14.0,27.73,40.67,1.49,63.02,23.0
58.33,100.0,25.0,76.73,1.68,114.97,135.0
167.11,265.42,17.07,69.83,9.3,69.95,298.0
123.58,287.57,18.95,32.78,6.86,104.75,223.0
6.3,13.68,24.59,79.95,6.59,82.4,80.0
202.1,467.88,32.75,64.75,5.6,44.79,454.0
194.34,358.26,26.33,38.01,3.0,94.91,317.0
139.36,190.96,28.63,41.86,6.25,113.17,242.0
21.28,44.8,21.78,64.62,4.16,146.35,88.0
192.8,283.0,26.43,68.99,1.54,63.22,324.0
148.01,262.51,23.95,41.95,6.93,19.03,241.0
196.58,252.51,28.18,42.85,1.38,148.32,302.0
189.18,429.98,16.01,45.36,1.99,97.33,317.0
201.74,275.11,24.87,59.9,8.2,142.5,355.0
131.91,313.16,20.92,38.59,6.64,24.54,238.0
39.38,91.5,21.52,35.21,6.35,57.88,108.0
169.43,305.65,34.22,63.94,4.24,28.75,331.0
157.02,340.36,18.65,68.95,4.02,126.97,308.0
186.85,374.69,21.22,55.05,6.93,133.25,352.0
46.62,104.62,25.2,48.19,7.43,80.18,139.0
52.77,92.94,32.26,51.6,5.15,36.12,105.0
223.15,495.74,23.33,49.42,9.7,27.8,419.0
188.74,339.97,29.88,78.0,9.56,92.34,433.0
227.52,551.33,32.13,68.4,4.18,80.89,500.0
190.89,349.76,21.2,40.4,8.22,107.27,328.0
151.3,272.56,22.86,49.21,5.48,52.73,272.0
165.26,366.98,22.13,57.2,5.17,66.33,329.0
222.84,505.4,31.66,60.65,0.64,12.99,429.0
146.81,281.99,15.89,53.41,5.78,95.42,256.0
159.94,229.31,21.17,70.51,9.02,69.24,304.0
43.34,78.36,28.59,68.38,7.82,138.77,160.0
121.11,297.75,26.31,55.26,7.88,99.85,285.0
180.52,393.33,23.73,72.72,1.68,65.82,355.0
71.38,160.93,25.8,67.55,3.65,46.9,166.0
54.55,67.79,18.95,68.93,2.41,136.74,127.0
81.89,148.07,23.61,77.82,3.23,12.28,172.0
64.17,130.94,25.03,43.32,5.84,55.77,146.0
57.65,131.39,33.02,43.38,3.71,142.09,141.0
109.09,137.89,20.22,74.45,5.65,101.56,201.0
227.42,524.93,32.36,68.61,4.44,84.58,500.0
129.23,247.21,27.88,76.33,2.94,38.49,276.0
51.04,74.34,15.41,33.16,1.04,126.67,81.0
23.86,38.47,29.49,61.39,8.93,38.59,108.0
175.56,275.01,15.71,37.23,0.21,44.76,215.0
98.79,186.72,34.95,55.19,0.12,36.86,177.0
206.35,261.48,32.45,37.79,8.29,32.14,325.0
166.58,234.23,20.95,36.4,9.97,143.46,289.0
200.08,451.48,20.15,30.61,7.3,94.28,338.0
71.63,98.3,22.63,61.51,0.25,99.3,96.0
174.63,262.54,22.12,47.95,2.34,143.61,258.0
69.7,124.71,22.45,35.26,9.72,42.28,150.0
235.07,440.11,21.37,46.14,8.11,10.83,370.0
160.91,352.83,27.42,38.45,5.71,93.84,297.0
84.51,150.55,18.29,77.08,2.44,81.1,166.0
71.03,158.17,31.92,46.0,0.24,76.87,119.0
51.78,103.75,31.25,46.7,0.31,18.66,88.0
175.19,235.98,24.53,71.99,6.16,73.62,298.0
58.59,82.21,32.05,62.39,0.32,50.26,89.0
150.85,266.72,19.94,65.51,9.94,48.44,285.0
69.84,119.83,15.35,61.8,1.92,41.13,106.0
167.18,362.22,27.38,77.31,7.14,56.55,384.0
204.66,400.1,24.16,40.35,1.64,59.44,336.0
195.62,333.44,26.34,79.45,5.45,53.23,377.0
191.41,272.18,32.99,71.55,0.9,147.03,348.0
50.99,76.23,34.4,59.45,7.69,140.58,154.0
26.65,51.93,27.69,63.12,5.89,90.43,87.0
176.24,308.51,30.28,62.44,0.95,147.35,321.0
95.25,178.05,16.68,32.92,8.5,148.77,168.0
110.92,157.72,18.21,40.9,5.52,59.83,157.0
12.63,26.04,29.66,78.07,9.22,72.33,113.0
68.6,158.34,23.63,56.72,9.17,144.27,190.0
13.25,20.34,23.92,48.92,9.21,95.21,53.0
220.4,405.31,21.17,68.1,0.87,39.81,362.0
64.63,159.52,27.15,56.23,1.3,106.51,135.0
141.55,231.18,18.7,30.66,9.88,38.8,223.0
14.55,28.72,27.54,66.81,4.93,57.51,65.0
168.38,221.8,18.48,66.61,2.46,41.86,248.0
84.14,167.26,16.28,38.26,7.72,44.3,156.0
224.99,296.2,21.61,77.83,2.72,10.65,342.0
222.59,544.68,19.62,41.2,7.3,133.3,401.0
84.7,180.43,32.78,52.89,8.39,51.44,209.0
225.74,502.17,16.1,35.74,7.86,22.09,370.0
249.06,526.84,18.53,60.16,2.81,22.18,439.0
207.23,407.54,25.97,48.77,4.08,87.84,366.0
211.99,378.38,24.62,47.66,4.19,149.01,365.0
66.01,152.86,15.92,71.35,4.96,30.3,151.0
146.29,357.52,15.15,30.48,1.76,23.95,238.0
21.48,39.71,34.76,69.9,4.58,71.36,80.0
28.25,68.12,28.18,58.57,5.16,88.87,107.0
249.73,489.05,22.31,79.3,5.36,51.21,474.0
85.03,161.54,24.41,59.47,8.22,52.35,195.0
188.31,337.22,20.33,32.77,5.22,69.43,293.0
202.63,298.29,21.9,32.53,2.38,53.98,256.0
215.22,259.3,27.98,74.16,6.66,138.15,384.0
249.42,377.61,32.66,72.06,7.99,15.87,480.0
64.17,119.52,18.68,47.29,3.26,42.84,121.0
14.89,25.22,31.81,60.9,6.49,123.2,99.0
105.74,188.54,17.43,54.48,1.55,126.75,191.0
36.87,91.25,19.3,78.36,3.49,25.62,92.0
10.49,17.37,15.74,77.5,9.1,146.33,115.0
93.3,166.81,17.82,79.19,9.12,107.07,223.0
197.02,270.62,33.35,73.32,5.8,48.16,338.0
143.71,181.42,24.19,75.48,7.05,73.85,263.0
81.63,180.24,16.55,40.86,8.55,51.6,162.0
165.31,321.02,34.19,71.55,9.59,31.0,389.0
61.84,135.37,32.58,65.44,4.95,50.76,156.0
8.52,11.89,30.09,78.14,5.66,91.21,81.0
192.27,373.65,33.67,58.56,4.21,125.64,402.0
157.82,241.42,19.4,34.26,0.81,60.89,198.0
191.76,286.97,31.73,59.87,4.29,58.71,336.0
14.54,17.67,28.8,64.33,7.93,75.52,74.0
210.09,287.71,32.4,41.02,8.07,100.24,354.0
156.78,251.18,30.94,49.71,8.93,115.23,303.0
143.03,193.37,21.93,59.93,0.61,55.75,210.0
158.03,392.17,30.49,48.71,5.32,92.09,341.0
216.79,347.12,20.25,48.75,1.16,64.51,312.0
148.8,203.77,21.57,36.65,2.09,110.3,231.0
147.33,214.93,17.16,77.04,9.01,33.05,264.0
247.72,486.52,33.7,67.52,5.02,45.97,486.0
190.4,244.33,20.82,30.06,7.61,69.65,271.0
113.36,263.13,25.41,68.28,0.74,134.52,258.0
178.31,436.86,22.83,66.99,4.23,90.27,359.0
100.36,152.63,34.2,30.49,6.77,145.16,194.0
61.07,109.03,21.7,48.48,1.42,24.46,105.0
151.23,185.83,30.57,60.34,3.33,74.42,257.0
232.4,472.46,32.11,52.64,0.74,68.67,426.0
232.64,404.35,23.71,68.9,6.55,94.03,432.0
88.77,137.68,22.56,51.27,9.71,123.68,186.0
134.28,197.24,29.95,37.69,8.29,127.8,226.0
56.85,116.56,33.26,78.82,9.75,103.83,221.0
248.93,433.41,30.1,42.1,8.47,99.82,429.0
245.37,351.76,19.54,65.88,8.57,142.86,419.0
164.13,343.99,32.77,37.16,5.81,63.72,312.0
202.08,390.95,22.75,46.45,5.23,126.59,364.0
180.2,417.39,26.52,52.1,4.12,139.01,370.0
150.32,203.35,31.63,39.61,8.2,78.82,263.0
18.07,40.14,18.77,52.5,1.9,112.07,33.0
116.42,241.63,30.69,37.86,0.66,62.78,196.0
170.32,229.85,26.92,57.95,9.48,32.24,306.0
171.0,359.65,32.87,63.19,0.14,92.11,351.0
96.42,171.04,18.44,33.12,9.77,37.51,163.0
235.71,572.43,23.41,73.56,7.32,74.06,500.0
46.0,63.67,31.66,39.26,3.35,132.2,108.0
127.59,259.73,15.38,41.27,7.01,22.04,183.0
174.27,295.66,17.24,63.07,8.2,14.26,285.0
175.8,429.63,34.81,53.44,2.53,94.91,402.0
163.92,267.01,20.61,54.97,7.73,56.35,297.0
72.45,177.55,34.51,36.41,8.06,68.51,192.0
43.27,102.63,18.65,70.29,2.57,66.8,108.0
160.81,249.49,22.22,60.85,0.52,22.13,222.0
151.83,340.8,30.06,36.77,2.12,10.5,258.0
48.94,122.08,28.16,48.7,2.09,135.78,126.0
177.76,271.7,26.62,70.52,0.75,40.49,287.0
116.52,205.98,25.6,58.42,7.29,69.65,233.0
168.6,316.34,31.87,35.43,3.86,146.07,320.0
210.15,332.76,19.7,48.64,8.86,125.75,343.0
46.58,56.82,23.85,42.13,2.6,25.11,71.0
9.69,14.4,18.11,55.87,4.59,81.19,58.0
195.88,306.85,26.92,72.17,6.43,112.21,364.0
154.38,274.28,20.01,51.81,8.79,107.77,278.0
176.41,250.93,21.68,51.67,5.29,116.52,277.0
210.35,491.21,24.43,75.27,3.8,74.04,447.0
201.69,426.85,15.54,58.81,8.68,34.63,358.0
240.43,315.14,16.84,58.31,3.17,75.08,331.0
136.3,278.76,28.72,43.1,0.89,100.7,239.0
124.68,255.57,23.58,60.39,4.51,95.2,242.0
103.46,252.77,32.3,58.8,7.87,19.87,261.0
42.65,51.35,28.89,49.84,0.4,19.09,59.0
145.29,221.17,15.16,79.53,5.9,145.14,279.0
72.87,175.33,27.33,74.09,5.99,31.25,178.0
230.72,556.45,16.87,67.48,9.29,51.22,457.0
147.88,315.99,30.62,56.87,2.94,117.47,307.0
150.25,329.86,34.83,53.1,2.86,67.35,311.0
91.96,121.28,25.62,39.24,4.46,35.41,152.0
17.74,33.13,28.66,45.29,3.63,75.41,57.0
12.78,19.18,19.75,68.7,7.39,89.65,83.0
108.72,156.07,23.75,52.69,6.45,73.39,200.0
25.72,57.95,32.12,74.11,7.61,138.65,130.0
153.68,211.39,18.35,37.4,8.22,49.86,217.0
220.84,399.55,20.31,55.42,9.24,102.59,402.0
221.31,535.61,23.91,62.35,4.37,25.72,430.0
166.47,239.97,29.24,55.84,9.85,64.92,312.0
56.75,140.26,22.52,74.46,2.24,113.74,148.0
216.43,539.48,33.55,79.48,7.17,41.47,500.0
222.09,426.93,16.89,35.79,5.39,92.57,332.0
53.18,75.58,22.42,36.5,8.19,31.48,101.0
185.67,299.1,29.18,36.52,4.82,24.38,273.0
75.2,131.73,19.52,64.06,7.86,83.25,185.0
201.65,323.06,28.13,48.63,9.31,104.5,362.0
249.32,390.15,18.28,66.67,7.35,25.87,400.0
12.36,30.44,16.12,50.27,7.78,138.49,80.0
224.85,314.66,17.42,61.38,0.77,41.61,321.0
157.54,339.24,33.6,68.49,2.13,26.8,349.0
243.48,292.3,26.04,57.41,9.75,38.38,387.0
118.93,234.89,30.93,56.98,6.96,33.74,251.0
212.61,508.29,21.65,34.41,5.66,22.69,351.0
20.29,31.94,26.85,50.54,3.73,121.7,59.0
87.14,125.59,24.9,57.29,0.54,79.38,126.0
21.42,43.85,33.91,53.1,3.75,64.39,65.0
243.96,518.75,29.95,75.04,5.04,143.09,500.0
205.16,429.69,29.61,75.33,2.19,61.94,434.0
213.87,345.43,15.93,71.1,1.81,33.38,331.0
234.8,358.74,25.99,48.76,5.13,48.37,366.0
25.85,63.14,24.34,65.86,5.9,43.46,101.0
99.47,238.76,33.56,49.76,2.48,79.82,210.0
22.4,40.2,20.15,41.63,5.92,50.81,59.0
56.64,130.28,20.4,47.15,9.01,82.25,130.0
61.19,109.42,23.23,33.55,4.78,103.7,132.0
119.93,210.08,19.87,46.59,8.59,118.82,222.0
70.8,99.39,17.58,53.04,9.28,109.42,155.0
29.74,52.17,32.15,77.77,1.01,38.78,80.0
46.04,87.4,26.17,45.67,1.05,26.23,95.0
41.08,50.5,32.23,75.12,4.81,85.94,114.0
243.4,432.61,31.62,41.44,5.92,37.85,417.0
191.03,423.27,20.64,39.55,4.32,21.89,306.0
242.1,504.55,25.95,55.95,3.33,83.79,463.0
112.74,228.37,16.66,63.63,6.45,55.75,219.0
73.2,174.39,33.31,32.22,0.12,115.86,151.0
200.58,245.4,23.09,41.05,9.68,53.99,294.0
84.93,163.42,22.87,52.78,2.4,147.02,185.0
78.35,174.21,21.06,46.55,9.18,116.19,192.0
61.96,117.96,24.21,65.63,1.18,18.08,121.0
36.77,59.61,20.04,55.56,2.46,81.24,83.0
67.83,93.42,22.5,38.02,2.43,88.77,109.0
92.05,216.68,31.0,74.72,9.96,107.34,285.0
170.13,308.27,31.69,44.65,0.15,79.69,290.0
20.33,47.6,21.08,66.56,6.43,77.68,77.0
56.57,110.98,24.38,69.0,8.71,61.51,148.0
203.21,421.96,32.48,78.16,6.76,48.0,461.0
41.0,92.06,16.05,54.93,3.69,142.47,118.0
88.95,182.96,32.78,60.79,9.59,54.46,247.0
216.84,372.42,19.38,46.74,8.95,18.88,327.0
42.96,80.23,28.57,63.91,4.4,33.42,106.0
25.27,56.71,26.65,53.17,5.78,130.02,106.0
123.71,208.55,26.06,51.88,9.68,92.13,257.0
79.09,134.82,32.19,72.77,9.83,119.03,237.0
143.04,189.44,17.03,32.51,4.55,123.23,206.0
201.93,482.41,21.94,74.1,8.49,125.25,449.0
38.6,50.89,25.77,72.6,3.09,87.09,84.0
147.27,300.83,31.23,55.32,3.78,34.8,291.0
128.85,223.83,19.33,54.51,1.73,30.75,210.0
40.3,69.61,31.06,48.09,2.17,90.36,95.0
157.88,328.93,22.99,79.71,6.6,61.31,325.0
72.04,92.73,18.78,35.56,5.16,88.13,110.0
124.52,245.53,30.18,59.51,2.39,79.79,256.0
25.16,55.44,16.82,64.08,4.09,94.31,77.0
117.6,267.73,25.3,76.72,3.79,14.5,255.0
80.08,113.85,16.28,69.01,9.87,14.6,172.0
206.48,488.67,22.13,62.19,8.55,111.02,427.0
18.96,38.92,27.02,35.84,3.94,37.04,51.0
107.56,252.38,26.12,48.69,9.15,101.31,249.0
117.32,214.79,23.09,36.94,3.49,86.52,200.0
182.63,347.84,23.58,74.06,6.71,147.45,392.0
145.7,348.92,19.54,67.48,9.67,126.96,324.0
168.47,399.25,24.12,67.88,3.96,67.84,354.0
195.38,348.28,34.07,62.61,6.83,96.3,413.0
216.24,336.63,32.01,55.35,3.03,26.42,342.0
81.9,140.14,17.9,37.5,2.74,64.09,128.0
136.82,233.15,15.6,46.48,5.78,112.74,214.0
210.83,331.61,33.67,36.85,9.79,97.17,369.0
247.42,383.28,25.53,66.25,4.59,77.83,399.0
222.93,517.06,25.76,38.01,9.38,34.71,430.0
96.01,123.93,30.61,65.11,9.15,122.44,220.0
52.82,109.9,21.29,64.61,2.61,48.24,104.0
124.9,177.94,24.64,52.97,4.08,124.87,222.0
186.7,307.66,34.37,36.76,6.47,95.63,320.0
125.68,160.87,28.44,45.74,5.23,62.18,195.0
123.38,191.36,18.07,46.0,1.05,15.68,183.0
210.37,462.58,17.66,65.02,9.94,42.54,428.0
93.54,219.88,19.09,35.69,7.55,134.47,193.0
215.65,320.88,30.33,71.45,4.43,124.52,416.0
104.67,188.67,20.91,68.05,6.22,90.48,221.0
85.42,154.73,15.43,39.32,0.97,75.29,114.0
116.23,271.47,33.88,65.96,5.0,100.6,281.0
191.8,420.36,18.39,63.43,9.32,75.27,397.0
35.87,66.97,15.19,67.41,8.98,100.2,104.0
53.12,110.07,19.74,39.45,3.44,53.04,125.0
238.1,548.01,19.7,37.88,5.36,127.39,405.0
48.0,58.19,23.44,41.82,7.0,108.27,128.0
144.09,248.38,33.41,48.29,3.47,56.2,258.0
146.93,349.61,32.58,69.68,0.74,126.29,346.0
124.96,270.21,24.14,66.9,5.1,78.23,282.0
162.96,310.56,23.22,76.27,6.06,34.45,338.0
61.31,115.78,26.1,32.93,0.16,20.88,87.0
140.4,231.96,19.87,30.58,1.05,107.94,190.0
96.18,180.5,16.04,64.96,2.15,131.12,181.0
167.11,342.91,33.78,43.96,3.55,123.04,317.0
39.6,69.06,18.73,46.7,5.46,101.79,101.0
144.86,308.33,18.97,57.34,3.01,29.79,245.0
50.39,116.89,24.45,35.12,2.83,23.17,108.0
73.27,102.65,24.83,62.13,8.71,58.3,158.0
58.58,104.69,15.37,46.26,1.54,129.69,91.0
49.8,86.17,17.96,61.64,5.01,144.64,140.0
207.3,434.02,22.56,71.7,9.53,43.79,430.0
75.0,114.36,28.67,38.56,6.29,116.69,157.0
232.15,471.8,19.57,76.54,7.2,90.34,470.0
242.63,567.94,23.46,56.53,4.37,14.45,462.0
144.96,252.75,26.15,76.15,0.3,86.01,262.0
40.04,95.46,32.77,40.39,6.5,122.83,126.0
96.76,241.05,21.52,60.23,6.36,48.66,207.0
200.44,268.18,17.67,50.19,1.19,135.63,264.0
95.01,142.8,24.79,68.71,4.68,43.08,186.0
26.32,64.1,29.93,60.3,9.16,20.71,111.0
141.41,345.87,17.2,54.73,2.13,32.39,261.0
212.05,281.4,23.49,75.65,4.66,127.18,381.0
200.0,243.9,15.36,48.86,4.66,68.42,272.0
47.91,67.52,15.67,41.0,8.13,121.57,121.0
169.83,423.69,24.66,60.41,8.26,84.37,360.0
59.02,84.64,20.96,61.2,7.62,77.28,133.0
58.46,108.35,31.9,51.95,3.72,122.97,154.0
219.15,504.68,27.04,54.33,0.81,69.29,400.0
66.17,81.16,24.08,77.98,3.56,122.28,145.0
69.5,138.01,23.16,66.63,6.83,24.09,164.0
5.16,8.05,24.94,35.53,7.06,99.08,62.0
218.31,506.71,15.81,40.61,9.65,108.36,391.0
199.19,312.42,32.86,78.78,4.59,135.87,419.0
158.7,332.12,34.97,66.32,6.36,41.41,358.0
188.82,392.07,18.63,75.75,5.44,94.59,359.0
42.25,62.87,17.41,45.19,1.59,70.66,78.0
117.29,146.05,17.87,67.09,4.67,63.59,193.0
91.05,157.7,28.22,65.7,5.49,24.94,173.0
27.98,44.09,28.23,44.73,9.51,28.79,108.0
124.1,279.44,31.96,57.54,3.73,127.18,289.0
230.58,516.61,30.04,61.37,9.8,114.97,500.0
14.81,26.58,23.99,54.06,5.47,63.53,55.0
76.41,151.93,27.26,71.36,2.5,125.99,175.0
55.85,110.89,28.77,71.64,2.0,21.31,113.0
63.35,144.13,25.25,72.53,1.5,97.47,154.0
227.57,398.81,24.51,70.17,4.58,131.54,418.0
119.68,186.47,27.9,54.4,0.32,127.44,219.0
119.24,184.18,26.15,49.07,4.51,62.19,216.0
191.34,362.98,27.88,71.57,9.89,114.33,429.0
42.85,76.44,27.26,54.51,6.73,69.85,118.0
124.38,220.42,29.38,42.32,7.62,127.62,262.0
110.35,145.49,27.86,55.37,1.28,84.31,176.0
151.24,322.78,25.39,37.09,4.78,117.08,272.0
249.89,369.3,28.64,64.58,2.93,21.0,419.0
193.51,281.77,23.99,46.8,8.95,92.6,325.0
102.48,177.96,19.83,43.03,1.89,87.04,158.0
207.75,310.82,15.03,77.83,4.64,95.4,337.0
46.82,91.73,26.2,68.84,5.92,107.39,131.0
12.46,20.98,26.81,69.35,5.19,138.54,101.0
55.09,98.26,34.44,61.19,8.32,120.0,172.0
88.4,167.81,22.23,71.96,2.39,40.75,172.0
130.09,190.53,22.88,67.96,3.84,125.63,247.0
155.71,218.37,19.04,59.94,7.94,27.09,242.0
228.1,534.79,16.41,78.06,5.33,97.11,472.0
129.91,229.15,30.46,39.58,4.08,133.59,237.0
127.81,221.85,19.99,77.17,0.39,24.16,232.0
17.31,21.57,27.18,50.07,7.56,128.96,85.0
13.55,25.04,28.76,56.42,9.72,121.81,111.0
140.03,268.92,24.42,36.14,6.24,80.53,222.0
112.35,216.45,32.53,57.01,8.58,53.25,244.0
210.6,446.29,23.88,60.56,5.22,66.76,399.0
44.37,63.48,20.7,79.89,2.39,145.61,92.0
11.12,16.99,32.92,78.76,0.24,38.24,36.0
115.01,259.24,32.23,78.32,6.57,91.14,305.0
63.18,153.62,18.28,47.42,4.98,21.65,120.0
17.16,23.62,15.52,79.56,7.84,40.51,73.0
182.53,337.12,16.8,52.77,6.98,116.86,324.0
32.34,47.81,20.73,72.59,9.88,52.36,91.0
154.04,196.88,34.45,40.82,5.15,148.01,256.0
73.86,119.88,26.17,55.29,4.33,80.11,147.0
47.51,65.88,22.47,78.3,2.94,82.32,107.0
98.04,208.13,32.77,77.35,4.82,15.08,231.0
201.35,381.33,24.06,64.19,8.74,143.91,419.0
101.06,140.17,21.3,69.89,0.52,34.39,160.0
188.94,229.0,33.82,38.82,9.78,85.37,324.0
35.74,80.45,31.99,66.08,9.93,65.39,129.0
194.33,277.71,31.87,60.9,6.02,68.18,351.0
63.05,125.35,25.25,34.58,3.38,100.06,124.0
170.96,280.03,30.79,35.66,2.31,102.69,290.0
143.62,281.65,18.59,35.42,2.84,31.6,217.0
232.64,374.63,26.46,66.22,0.6,79.94,383.0
99.89,131.16,34.68,37.09,4.8,120.67,194.0
21.21,31.6,20.82,53.39,0.67,72.06,52.0
9.69,14.0,30.89,47.85,7.21,33.21,51.0
207.58,364.6,24.81,57.53,3.78,53.85,350.0
133.56,274.57,15.8,65.32,2.07,39.73,226.0
194.93,300.77,30.26,64.24,5.49,27.61,361.0
62.43,75.9,18.37,55.78,9.74,62.86,138.0
89.55,167.86,27.63,53.22,6.98,85.73,206.0
12.38,24.6,16.71,49.89,4.97,20.19,40.0
240.57,589.8,33.94,73.1,7.79,94.54,500.0
168.63,331.57,20.83,46.54,7.4,149.02,328.0
233.64,423.47,19.53,42.97,8.93,144.98,389.0
70.05,136.27,17.58,67.17,2.13,126.08,148.0
154.81,372.51,33.92,47.99,8.6,47.29,337.0
171.23,389.88,29.24,72.35,3.08,13.14,353.0
82.8,134.12,29.83,46.39,9.42,126.7,195.0
212.79,320.97,24.99,65.1,2.88,17.8,330.0
237.05,365.4,24.49,32.26,9.28,38.79,367.0
221.79,411.59,17.2,49.28,9.64,86.22,366.0
186.07,403.27,26.2,47.16,1.54,34.97,332.0
72.98,135.32,19.94,70.83,9.75,126.73,197.0
74.0,95.32,34.54,78.35,0.95,118.8,158.0
241.02,515.95,30.93,53.04,2.26,115.81,481.0
7.52,16.9,23.26,71.24,4.5,124.26,43.0
180.43,284.42,18.03,64.98,9.94,40.76,314.0
178.03,367.34,30.71,78.37,4.94,112.04,395.0
157.56,276.45,17.44,70.56,5.55,59.74,262.0
247.58,583.25,18.79,33.87,6.97,103.36,408.0
81.41,187.15,19.23,65.66,9.69,27.08,197.0
88.29,166.26,26.14,56.77,7.86,108.78,200.0
24.34,51.09,30.74,30.82,2.32,146.1,86.0
113.49,266.5,21.29,42.57,3.1,16.1,198.0
68.96,127.19,16.69,76.09,1.07,23.14,117.0
89.13,143.25,24.29,76.3,6.48,27.31,184.0
209.47,456.6,29.96,69.94,1.89,70.28,430.0
234.19,348.03,19.43,79.09,2.65,50.71,374.0
50.5,86.11,19.4,70.33,8.89,122.97,141.0
96.26,223.86,33.94,30.51,3.33,76.33,205.0
232.51,497.99,34.08,44.39,5.71,77.84,449.0
20.14,34.75,34.81,31.53,4.04,110.39,68.0
27.63,40.87,31.15,34.71,0.83,60.68,58.0
44.88,74.63,18.76,40.94,3.69,59.45,89.0
150.83,236.7,19.24,55.18,4.14,115.97,242.0
41.87,59.82,21.8,72.38,8.97,119.21,143.0
242.18,524.64,21.36,73.1,3.31,12.02,460.0
114.45,174.84,34.13,60.81,3.85,30.13,217.0
127.87,228.94,30.78,76.41,7.85,39.83,284.0
65.43,111.34,29.48,55.0,7.61,59.22,153.0
120.39,298.16,18.72,74.45,8.0,50.8,277.0
167.17,285.59,33.19,52.7,9.54,103.59,335.0
189.04,246.5,31.56,43.86,7.98,125.94,325.0
189.7,249.79,18.27,75.82,4.14,36.89,304.0
146.58,288.47,32.42,49.4,8.23,88.82,321.0
226.57,448.42,20.44,55.17,5.14,61.49,386.0
205.26,358.06,16.62,46.44,2.85,80.81,315.0
190.48,335.51,28.14,63.14,3.1,96.91,372.0
18.62,23.65,28.08,79.75,2.32,135.1,71.0
6.69,12.51,16.9,31.28,1.54,36.92,28.0
57.05,105.89,21.38,74.99,1.93,22.18,88.0
167.56,233.65,34.86,30.2,0.73,97.81,236.0
105.74,141.17,28.57,48.21,8.9,65.18,205.0
103.59,140.95,29.6,38.43,9.32,32.81,180.0
221.72,295.19,19.26,67.87,5.91,26.39,360.0
224.41,447.17,16.58,32.53,8.42,88.25,355.0
227.75,331.47,20.54,57.67,1.92,52.07,342.0
81.9,125.05,19.98,44.75,9.03,149.64,176.0
174.31,248.5,19.69,36.68,5.11,66.83,235.0
71.55,174.95,18.86,68.59,0.76,39.72,137.0
51.7,119.48,26.5,40.87,1.5,98.04,115.0
50.23,75.33,21.56,41.18,3.16,44.2,81.0
88.82,144.4,31.41,43.75,0.53,79.17,159.0
110.34,162.51,18.68,59.34,3.16,77.56,188.0
208.58,383.67,24.29,62.98,0.69,73.5,358.0
34.37,42.12,15.27,30.88,2.44,121.45,48.0
185.06,383.58,24.63,42.09,2.73,40.33,326.0
135.21,254.2,16.12,51.55,9.94,136.6,261.0
75.55,178.91,34.55,46.6,2.43,120.79,208.0
125.74,177.76,30.81,74.21,2.47,56.64,238.0
78.49,176.23,24.8,69.39,6.9,35.28,189.0
151.04,336.75,16.73,61.29,8.61,49.13,303.0
111.29,151.95,26.85,46.9,3.93,56.57,161.0
45.28,77.8,30.18,65.03,8.77,87.97,156.0
33.56,47.7,18.81,72.18,3.47,16.49,95.0
138.94,212.74,26.36,59.74,2.05,138.01,228.0
226.09,348.68,31.28,69.22,3.36,23.81,395.0
89.27,171.68,30.36,67.46,6.13,49.1,206.0
184.59,320.22,31.06,58.59,3.73,25.3,340.0
166.37,404.63,32.59,45.61,6.76,45.93,377.0
233.23,318.19,33.75,67.29,2.45,127.27,419.0
206.14,508.3,23.11,40.34,7.04,96.12,416.0
143.82,215.7,26.38,68.97,3.54,41.83,254.0
165.97,365.93,30.81,70.23,4.61,132.05,387.0
225.1,369.32,28.94,71.11,5.62,122.1,440.0
102.88,142.6,34.91,53.65,6.89,115.51,233.0
85.06,196.95,15.27,39.62,2.46,128.67,154.0
7.65,12.25,22.1,34.99,8.38,96.75,73.0
207.51,426.74,20.62,67.17,7.25,80.2,392.0
201.24,389.68,20.25,74.31,2.42,62.35,362.0
30.59,55.47,19.45,62.54,9.75,41.33,98.0
146.33,269.92,29.18,37.21,6.68,88.04,270.0
118.68,255.38,16.7,76.74,4.58,134.53,254.0
34.08,44.79,29.83,79.46,1.66,93.16,98.0
245.24,507.31,28.87,51.67,5.38,138.74,466.0
57.6,136.2,20.02,59.74,1.73,59.97,103.0
21.47,27.38,20.06,68.86,4.35,107.32,61.0
150.74,208.45,27.58,66.82,4.15,100.81,282.0
186.02,396.53,30.24,78.39,7.23,103.86,428.0
12.95,22.9,32.53,35.74,2.0,100.31,54.0
166.39,286.95,32.04,59.04,8.24,41.03,330.0
135.41,186.6,34.3,64.6,3.33,30.1,249.0
30.3,56.32,26.63,74.5,4.5,147.01,110.0
47.27,64.5,33.17,73.71,7.75,16.34,155.0
144.15,262.3,31.17,78.9,6.29,75.48,343.0
77.61,170.17,32.89,55.6,3.15,69.51,174.0
234.89,360.73,15.23,71.54,3.92,60.4,359.0
205.59,375.21,34.32,51.36,3.13,119.48,421.0
245.97,612.38,24.47,51.12,5.99,114.35,484.0
68.62,143.6,30.96,42.67,3.39,136.73,159.0
242.58,556.43,17.54,70.91,7.28,65.37,477.0
110.65,192.46,22.92,79.29,5.84,88.99,239.0
90.14,198.15,20.43,42.82,1.54,134.92,154.0
17.34,21.72,20.83,32.81,3.17,149.14,65.0
17.93,24.38,17.47,70.78,2.29,145.7,56.0
174.54,255.53,31.12,61.01,3.96,110.5,332.0
117.19,201.87,15.18,77.98,5.21,30.05,198.0
60.5,139.11,21.25,42.61,5.12,13.25,123.0
155.42,256.47,18.49,33.55,7.57,125.53,227.0
66.95,137.32,26.78,54.62,1.97,127.73,128.0
146.52,310.93,20.09,34.27,9.47,114.49,265.0
93.01,182.48,20.18,43.09,3.49,49.19,154.0
206.77,344.15,24.77,36.3,3.07,99.57,329.0
206.07,401.87,28.05,41.21,6.88,54.27,365.0
121.95,200.6,17.43,35.31,8.07,73.09,212.0
90.95,119.06,18.51,77.7,3.85,63.54,158.0
93.83,233.69,19.94,43.93,7.49,137.91,221.0
202.4,276.34,34.47,52.19,8.85,42.78,353.0
85.4,110.52,22.94,74.93,7.69,90.87,178.0
56.22,131.67,26.98,63.87,0.44,60.54,104.0
25.75,41.0,19.83,60.9,8.29,102.83,102.0
119.34,244.1,24.81,65.28,7.77,89.04,271.0
123.12,200.41,16.48,71.44,6.73,139.36,251.0
211.02,360.61,15.69,73.88,7.62,24.23,364.0
59.2,91.22,24.37,62.13,9.8,40.89,169.0
98.34,161.87,22.97,74.5,4.37,117.29,209.0
203.06,352.09,17.74,56.77,0.77,61.63,316.0
206.79,441.81,28.75,43.86,4.66,33.21,371.0
99.23,185.06,34.86,74.0,0.56,80.46,203.0
117.49,285.09,22.91,57.07,3.01,101.3,254.0
79.31,99.48,27.49,75.31,5.91,16.28,156.0
233.48,432.86,34.26,32.01,3.17,50.83,392.0
34.07,66.76,31.63,49.88,6.89,123.32,124.0
233.77,560.17,24.27,77.39,8.24,82.83,500.0
172.55,218.08,29.75,42.48,4.26,14.95,262.0
135.24,263.11,17.56,77.08,9.01,49.47,273.0
13.0,30.03,25.24,77.7,0.89,99.48,60.0
121.52,184.04,20.58,74.11,8.42,37.91,249.0
104.9,245.38,18.22,58.18,8.3,125.83,238.0
44.5,54.5,23.53,62.35,3.29,104.72,111.0
165.82,356.88,17.62,73.48,3.06,75.99,321.0
242.93,586.21,28.98,68.79,3.12,138.19,500.0
142.74,293.23,24.12,61.5,8.13,64.85,291.0
180.11,318.94,25.62,79.11,8.33,42.91,373.0
21.77,27.39,17.93,64.28,3.36,102.6,51.0
107.33,257.17,17.8,78.77,5.97,90.26,268.0
33.51,60.7,26.67,32.87,1.48,56.93,45.0
155.13,192.01,34.7,36.95,4.74,58.11,239.0
234.93,492.59,16.93,52.57,9.99,65.75,408.0
167.14,305.25,20.71,49.24,1.67,50.76,268.0
23.82,32.43,32.39,69.14,9.48,109.43,138.0
91.89,135.87,16.45,38.03,8.26,101.19,169.0
139.91,179.63,32.52,78.8,9.72,71.71,333.0
103.79,202.03,25.49,45.75,1.88,65.7,170.0
209.24,420.29,23.17,51.45,2.21,61.11,342.0
204.59,380.03,21.19,43.74,0.27,49.69,296.0
154.9,350.42,20.94,58.97,7.27,22.0,307.0
96.5,223.81,21.12,32.93,6.48,47.55,173.0
67.56,135.14,32.7,37.48,1.86,54.97,122.0
30.94,37.64,29.48,67.29,7.93,86.68,116.0
91.95,193.44,28.39,39.33,3.06,118.33,173.0
106.23,185.2,30.97,41.78,1.44,65.4,171.0
170.58,330.1,20.14,69.65,4.28,142.27,329.0
166.25,339.78,27.36,34.67,1.0,125.83,280.0
22.18,36.71,24.2,51.87,2.71,147.87,86.0
101.84,243.62,30.65,31.15,3.78,132.67,206.0
49.54,68.07,21.19,47.34,8.53,96.34,115.0
43.42,90.01,27.86,64.95,7.95,93.79,149.0
207.69,250.4,32.64,34.51,4.48,28.13,300.0
15.27,36.68,23.04,74.42,7.27,111.14,108.0
107.7,144.99,16.33,75.47,5.73,94.03,202.0
46.21,61.15,25.32,35.25,3.47,80.97,90.0
220.44,359.95,21.92,79.54,7.29,107.06,426.0
141.47,238.48,28.44,44.88,6.87,72.17,257.0
61.69,91.21,34.02,34.21,6.23,83.34,131.0
128.09,251.15,24.71,30.25,6.22,65.77,204.0
184.21,327.13,24.32,50.43,6.86,110.43,342.0
239.74,298.34,28.09,61.49,3.91,132.73,392.0
59.01,95.33,17.07,46.61,8.7,127.72,148.0
222.11,500.55,20.07,71.84,1.71,120.04,405.0
233.9,490.41,33.38,65.83,8.85,11.93,500.0
229.52,491.71,28.4,47.51,3.49,137.66,426.0
160.68,338.63,15.27,66.72,1.34,48.48,289.0
159.31,255.57,19.09,77.02,6.04,134.32,312.0
103.79,137.99,28.66,34.65,3.82,37.58,160.0
189.34,294.27,30.29,45.31,8.17,71.55,329.0
135.17,308.36,31.8,53.17,4.36,114.92,304.0
170.97,423.09,20.84,54.9,6.72,99.64,344.0
109.97,202.57,33.62,57.11,3.15,68.23,222.0
184.22,223.38,26.06,45.03,2.17,105.01,259.0
207.0,286.08,28.93,63.36,3.94,86.85,374.0
40.88,66.17,26.93,62.25,6.11,48.6,122.0
209.07,408.13,17.45,58.89,6.6,100.49,381.0
137.37,178.26,34.26,35.69,5.82,38.59,206.0
211.94,514.25,17.46,53.85,9.88,107.16,429.0
110.67,185.33,20.1,47.81,6.94,10.44,189.0
97.86,233.54,31.27,54.55,9.32,86.83,268.0
229.19,507.58,27.37,76.09,1.27,66.15,473.0
66.54,145.19,31.76,54.03,0.71,52.43,136.0
211.83,421.28,25.31,30.7,3.18,82.2,338.0
123.59,249.0,22.54,51.94,1.45,100.34,204.0
130.95,265.76,33.44,71.03,5.31,145.14,312.0
80.57,162.55,15.73,69.0,5.24,126.63,184.0
145.4,279.14,32.12,55.67,5.79,110.4,319.0
84.68,210.2,19.62,42.49,7.48,77.06,181.0
14.62,31.46,31.97,53.25,9.72,64.9,93.0
71.64,158.33,17.78,58.19,8.79,14.55,146.0
6.56,15.32,26.6,79.99,1.27,60.27,49.0
244.7,362.23,32.76,62.21,3.45,128.77,450.0
241.61,316.25,24.47,64.71,2.63,63.76,376.0
101.81,186.09,29.93,54.57,1.85,74.62,197.0
183.45,342.74,31.09,47.72,5.49,48.06,352.0
89.72,204.38,29.73,70.65,5.58,48.38,213.0
169.42,301.04,33.51,54.75,2.35,18.66,292.0
202.33,392.95,23.94,79.73,7.15,95.93,436.0
236.96,446.71,18.46,52.86,7.36,72.73,408.0
103.05,128.78,15.96,33.4,0.31,94.83,117.0
196.91,393.77,19.93,64.13,4.02,86.56,353.0
70.15,159.7,17.86,32.33,8.91,121.84,177.0
247.63,347.86,26.16,42.53,5.25,115.14,381.0
11.31,22.32,18.7,47.69,3.54,118.0,63.0
152.86,301.4,15.78,66.97,2.61,79.89,256.0
166.58,235.45,15.72,54.71,2.51,59.54,240.0
173.57,236.14,31.63,31.43,1.09,140.68,244.0
34.49,85.34,26.83,60.84,8.19,17.6,94.0
234.94,402.18,22.16,50.57,0.96,31.37,358.0
49.39,73.87,32.88,76.09,2.99,68.74,134.0
157.57,224.18,16.4,54.98,0.55,95.95,220.0
59.56,123.15,34.61,65.45,7.84,11.15,158.0
80.27,159.92,27.33,40.94,0.49,110.71,166.0
138.88,282.85,18.67,68.05,3.15,88.22,261.0
107.21,140.92,28.58,66.05,5.78,77.86,208.0
44.26,104.51,30.27,75.2,4.15,69.29,150.0
46.88,79.98,23.59,31.69,2.89,82.73,86.0
107.45,172.71,32.23,52.38,2.82,32.65,184.0
190.53,343.17,18.01,63.96,8.0,25.22,341.0
225.0,384.1,20.58,34.76,9.74,50.55,339.0
25.61,59.49,16.87,50.53,3.55,109.33,76.0
101.31,243.96,19.22,77.11,0.49,92.36,200.0
29.56,47.13,19.77,51.8,0.46,77.22,59.0
9.07,21.06,33.35,79.27,7.62,90.01,90.0
167.12,370.34,16.56,32.84,5.57,88.3,284.0
152.6,367.77,23.55,65.89,7.86,52.99,348.0
44.94,68.28,25.65,59.05,7.01,23.64,114.0
62.28,121.46,32.97,55.03,9.08,135.55,193.0
10.81,16.83,34.95,78.54,8.87,93.99,98.0
209.56,475.98,30.07,36.48,7.9,107.68,417.0
243.8,294.25,34.42,74.8,4.8,74.96,421.0
38.19,73.86,30.74,64.56,3.15,115.91,89.0
61.71,101.27,34.26,42.95,5.12,91.83,153.0
217.76,352.66,29.15,75.08,5.07,17.53,410.0
231.98,472.87,16.6,51.46,6.14,134.61,398.0
107.81,248.71,23.04,70.71,1.94,52.78,234.0
17.4,34.66,27.93,49.44,6.59,29.3,61.0
14.65,33.83,22.01,72.55,4.62,22.33,50.0
145.62,224.83,20.47,61.83,6.24,110.86,254.0
101.26,189.9,26.55,37.05,2.47,108.56,187.0
12.02,21.46,33.67,62.48,4.4,108.02,56.0
147.9,179.72,15.7,39.57,2.18,138.21,189.0
7.77,14.95,30.38,50.6,8.77,58.85,75.0
197.91,407.68,29.45,38.51,4.93,88.56,346.0
80.08,157.71,34.28,31.1,2.33,96.73,150.0
14.86,32.06,33.61,40.59,0.51,147.13,37.0
149.15,289.75,30.24,56.82,6.79,53.73,311.0
102.43,131.81,25.41,54.08,2.22,143.89,172.0
243.58,329.17,19.09,55.07,9.9,30.82,358.0
138.33,273.26,25.9,42.38,5.38,116.96,249.0
72.43,112.81,30.31,64.26,2.96,98.6,151.0
178.81,233.09,32.91,65.21,6.61,124.37,326.0
71.52,125.76,30.79,47.9,2.82,14.02,150.0
226.54,435.1,18.91,74.06,8.22,20.94,398.0
96.81,157.54,26.99,62.2,3.15,19.76,169.0
139.72,298.52,21.64,65.65,9.88,93.01,313.0
17.39,35.42,15.18,43.87,6.09,94.41,60.0
109.4,178.61,19.0,30.03,8.46,136.85,196.0
208.93,455.74,17.26,73.27,0.82,75.46,372.0
202.38,413.53,31.85,71.12,3.55,19.53,428.0
59.96,121.64,20.17,36.16,7.4,39.33,114.0
60.39,115.91,20.69,48.71,6.59,11.13,100.0
205.24,249.33,34.2,63.07,2.02,118.74,333.0
232.95,490.46,22.58,62.61,3.63,124.18,445.0
28.36,47.9,15.19,73.02,2.71,149.71,85.0
115.26,279.56,20.68,37.01,6.17,67.71,230.0
87.68,198.44,17.39,51.5,3.51,12.7,163.0
218.32,428.78,17.06,34.86,3.16,42.86,309.0
25.46,38.9,16.55,49.48,2.15,92.29,55.0
56.73,83.09,26.87,30.76,4.15,144.67,114.0
189.35,311.02,18.79,74.91,2.04,24.5,326.0
17.57,31.96,22.22,56.35,9.63,27.02,88.0
125.67,199.17,32.24,72.49,1.63,108.25,269.0
113.32,211.83,23.49,33.0,9.14,103.41,226.0
86.93,123.0,33.31,41.37,4.34,45.07,154.0
101.67,251.23,24.96,42.97,3.84,123.84,208.0
134.84,180.72,22.98,49.33,2.39,28.03,195.0
44.54,107.4,30.01,70.14,6.39,139.6,159.0
145.14,346.54,16.46,49.33,6.89,38.14,270.0
202.33,380.98,16.79,40.23,4.73,21.39,297.0
191.24,409.71,28.04,33.25,0.65,57.53,293.0
42.71,75.45,24.74,33.97,9.19,36.3,120.0
41.57,83.92,30.81,68.0,9.81,83.77,152.0
70.7,116.15,33.33,52.24,4.37,106.16,146.0
93.46,148.75,22.77,66.31,6.18,78.73,196.0
105.07,205.07,26.93,64.11,4.56,102.49,220.0
171.53,316.91,25.01,36.77,3.29,61.09,279.0
18.89,36.89,34.63,37.14,0.87,13.91,47.0
13.49,21.22,31.62,67.77,4.62,146.37,93.0
101.02,169.41,33.23,66.06,8.2,124.72,249.0
175.81,230.14,20.09,48.9,0.27,20.28,221.0
52.39,66.43,30.45,33.87,5.86,72.88,103.0
162.17,248.04,20.31,30.6,8.82,98.9,245.0
68.66,89.02,19.17,44.41,2.25,36.68,100.0
222.09,296.47,33.89,30.46,1.91,90.92,316.0
224.44,506.53,15.39,41.5,7.75,84.71,371.0
77.84,97.34,34.31,50.98,2.63,39.16,123.0
61.35,126.17,17.99,36.07,2.0,29.77,99.0
105.77,164.4,31.39,35.21,3.84,116.25,186.0
63.93,149.15,20.52,74.82,3.99,55.16,141.0
169.73,310.7,22.01,59.27,8.75,44.17,326.0
207.39,331.25,19.34,76.72,6.22,113.3,394.0
169.91,318.23,26.71,47.29,4.12,113.05,317.0
206.97,351.13,21.96,63.86,5.39,48.7,348.0
102.26,197.74,28.15,40.23,9.54,132.16,230.0
43.3,58.4,15.31,60.92,1.22,106.36,97.0
185.8,463.77,16.29,36.48,2.16,58.41,292.0
93.32,163.6,16.99,30.1,9.63,69.85,175.0
169.46,280.07,23.38,76.58,9.58,111.74,340.0
71.31,151.41,31.3,57.74,1.85,39.62,166.0
24.9,41.66,32.76,76.35,1.54,75.63,68.0
248.18,566.66,19.9,46.69,4.27,101.5,458.0
43.27,77.48,26.49,46.39,0.59,85.53,103.0
247.16,527.8,30.37,50.03,6.58,95.17,485.0
244.43,327.47,20.78,65.3,0.87,86.47,352.0
199.49,458.81,23.18,58.29,0.67,37.89,364.0
166.56,359.17,25.48,76.27,4.9,67.43,356.0
146.56,216.21,17.7,31.27,9.58,84.48,222.0
217.19,301.66,15.52,65.41,4.33,119.21,315.0
75.91,122.31,18.06,46.52,3.63,101.55,130.0
119.58,295.23,27.54,39.01,9.98,69.72,258.0
156.75,240.44,16.47,55.52,5.37,146.42,267.0
105.74,189.59,18.79,55.25,3.81,25.09,188.0
109.73,135.96,21.76,36.85,3.92,38.95,161.0
85.92,147.47,16.56,40.09,2.03,57.78,133.0
143.24,278.27,18.83,50.41,5.17,42.0,236.0
213.39,520.47,33.23,50.44,4.44,97.56,458.0
54.37,101.78,15.39,45.88,2.78,15.54,98.0
233.94,529.83,28.07,37.43,1.69,34.84,394.0
173.83,332.23,22.69,30.22,3.18,51.07,264.0
206.7,259.0,28.45,78.51,5.14,105.67,372.0
141.27,227.37,26.77,77.17,0.68,132.62,287.0
195.98,381.81,19.47,54.18,1.62,121.79,338.0
8.97,21.85,31.94,79.75,9.48,35.49,93.0
205.5,476.12,24.84,63.68,5.47,89.16,410.0
14.83,22.2,31.45,33.44,0.73,14.2,28.0
223.03,331.45,23.12,35.89,6.96,53.48,324.0
248.03,362.5,34.69,75.81,0.71,122.84,459.0
77.05,184.85,30.41,61.5,7.41,73.93,193.0
56.53,130.49,34.32,72.16,7.52,30.99,161.0
192.51,424.95,25.29,74.91,6.55,71.4,418.0
66.99,114.59,24.47,52.4,7.35,37.72,156.0
217.06,402.8,30.11,32.43,0.97,65.05,332.0
30.2,54.46,32.61,39.41,7.3,78.3,96.0
35.86,54.84,34.28,33.33,1.45,58.94,88.0
244.89,454.65,21.49,39.44,3.46,141.18,384.0
170.09,210.85,30.97,50.53,9.43,88.75,302.0
212.49,291.4,19.21,35.91,5.08,128.0,294.0
84.46,198.7,25.91,38.34,9.68,116.5,194.0
170.74,371.73,18.6,52.29,0.98,102.56,300.0
150.59,263.49,21.95,47.01,4.83,79.56,247.0
152.77,286.03,33.63,53.38,0.72,10.3,267.0
172.22,289.5,17.92,51.46,6.34,95.89,289.0
145.96,315.72,27.65,62.22,0.88,59.83,302.0
110.12,244.41,26.86,76.86,1.84,26.49,218.0
72.6,159.16,17.41,35.39,2.66,72.25,137.0
193.3,413.55,21.52,34.96,7.51,112.98,348.0
60.44,88.59,26.26,72.64,1.72,144.63,130.0
174.63,286.28,18.74,55.32,8.48,62.37,303.0
62.17,112.57,31.01,68.32,1.41,85.98,154.0
158.21,257.88,34.44,40.77,0.45,129.17,261.0
188.03,410.18,19.3,71.44,4.01,56.76,364.0
58.58,95.39,18.74,76.19,9.8,29.92,152.0
19.69,27.16,24.1,61.77,1.19,49.46,50.0
37.09,63.75,29.96,35.29,1.11,135.88,93.0
153.47,379.67,20.63,74.76,7.54,32.32,344.0
213.11,318.32,15.4,69.62,3.19,56.09,328.0
16.02,31.98,25.82,67.54,7.2,75.05,75.0
184.87,325.9,34.13,31.84,2.08,128.6,314.0
88.62,114.53,22.83,69.95,4.65,141.28,176.0
122.24,224.22,23.4,36.9,2.73,69.61,185.0
232.57,491.38,34.38,41.12,4.57,140.47,448.0
86.33,161.2,28.89,58.86,7.71,32.6,197.0
119.01,277.73,29.38,43.25,7.64,31.96,257.0
8.35,13.16,26.25,63.07,5.21,142.9,59.0
24.99,32.79,34.49,60.4,9.29,81.36,101.0
68.35,165.25,28.78,35.41,2.71,36.03,143.0
11.82,20.0,32.9,62.8,2.48,78.32,57.0
159.69,311.28,28.99,76.2,6.18,119.65,370.0
109.47,244.07,29.7,38.06,6.25,125.77,252.0
139.3,225.88,20.81,59.85,0.56,130.96,237.0
47.79,101.84,21.07,47.09,6.12,89.74,117.0
77.5,106.65,30.66,52.98,3.81,131.37,162.0
167.64,264.65,20.93,44.35,7.5,81.4,290.0
241.5,335.23,26.26,47.71,8.1,94.99,415.0
17.35,39.12,19.99,31.45,5.57,116.22,74.0
223.14,332.36,31.34,79.08,0.12,69.56,402.0
146.34,312.08,17.21,61.24,6.4,20.3,278.0
143.16,347.35,31.59,55.04,7.51,59.02,331.0
127.57,240.61,27.05,49.19,2.56,97.35,246.0
22.0,41.85,18.74,56.97,4.7,36.93,73.0
27.02,48.62,25.84,49.01,9.66,30.77,99.0
152.22,247.16,20.65,48.0,3.05,51.03,230.0
88.53,160.99,21.47,53.2,2.31,14.5,131.0
229.73,455.71,22.03,43.8,2.19,114.08,383.0
104.61,259.63,16.27,39.0,5.63,46.22,196.0
40.1,97.02,34.72,57.83,9.5,27.39,134.0
180.11,417.99,15.63,72.14,6.13,107.88,355.0
76.87,181.1,28.25,37.64,3.1,128.01,176.0
133.74,241.83,22.42,31.64,6.42,12.78,195.0
175.97,361.56,27.92,42.34,6.29,42.7,325.0
225.56,533.14,22.12,78.99,6.01,142.33,500.0
199.09,340.6,28.48,71.44,1.68,63.94,368.0
170.71,418.29,29.58,59.79,6.38,141.4,396.0
171.51,298.52,28.81,76.46,4.36,48.39,326.0
236.75,469.1,17.28,52.26,0.28,40.53,367.0
77.48,164.46,28.14,79.16,5.44,39.98,205.0
5.27,12.84,20.6,44.82,9.89,21.93,53.0
71.63,108.73,15.58,42.02,3.56,135.5,132.0
58.38,126.69,23.3,61.9,9.66,147.18,198.0
167.15,313.75,23.67,48.91,1.05,143.63,291.0
160.26,248.26,24.34,61.32,7.35,129.28,301.0
150.4,332.32,29.1,45.25,1.23,128.56,300.0
8.98,17.22,21.18,60.9,2.81,102.55,42.0
183.55,377.98,21.31,43.79,5.75,125.67,315.0
84.26,136.49,16.21,32.55,5.97,39.17,141.0
167.94,306.6,28.74,75.61,7.77,64.31,357.0
141.36,283.09,26.36,74.16,6.19,99.72,312.0
88.97,153.59,21.99,78.54,5.98,132.47,203.0
37.97,55.36,29.1,65.83,9.13,102.47,129.0
28.13,68.93,25.75,64.14,4.58,127.46,120.0
208.72,389.25,24.38,57.95,2.33,76.35,378.0
230.01,495.46,25.23,36.3,1.7,110.42,403.0
164.2,284.78,27.73,39.46,4.06,147.2,298.0
30.34,50.42,28.2,44.47,7.16,31.49,91.0
103.5,178.98,20.78,74.51,0.52,139.77,185.0
183.59,317.97,17.81,38.65,1.38,83.13,259.0
196.06,373.96,18.13,76.14,1.15,100.05,371.0
33.96,64.75,27.79,56.14,5.89,132.9,111.0
5.01,9.25,32.46,65.78,2.5,67.35,54.0
179.47,246.82,23.19,35.51,1.75,68.62,242.0
92.37,170.41,18.39,43.45,5.97,83.81,144.0
67.35,95.62,30.13,77.93,7.64,12.67,166.0
8.16,11.13,31.65,43.31,3.39,79.53,58.0
137.37,331.4,32.61,44.83,5.82,50.75,295.0
213.53,424.17,27.14,39.88,1.07,139.91,375.0
239.62,492.98,32.21,36.45,9.36,22.28,423.0
143.61,247.34,15.31,41.66,3.44,74.3,199.0
131.04,312.1,17.14,62.12,9.98,142.65,303.0
25.84,52.43,16.85,52.77,9.79,136.14,114.0
139.47,306.83,29.25,57.69,7.81,108.19,333.0
98.09,164.71,16.39,36.12,0.3,92.51,146.0
153.75,376.38,24.93,70.11,5.48,49.3,330.0
100.24,227.2,24.45,69.2,0.96,61.37,207.0
63.87,147.56,21.21,31.08,8.96,22.62,145.0
28.27,40.25,32.41,49.18,7.92,120.06,91.0
82.16,127.53,18.41,33.44,9.73,55.34,151.0
28.68,45.06,22.05,69.61,6.12,103.49,95.0
48.34,75.03,30.48,66.86,5.27,60.06,116.0
246.9,570.83,15.61,75.1,5.24,75.01,481.0
113.81,141.28,28.46,41.82,3.93,87.7,172.0
135.31,175.76,31.33,52.81,4.74,122.26,249.0
219.04,340.84,33.65,39.22,6.39,39.56,367.0
248.91,363.37,32.53,48.56,9.34,65.83,442.0
147.77,221.86,21.39,56.11,6.0,28.21,230.0
204.06,456.54,26.73,32.67,8.59,20.61,350.0
85.1,164.42,16.55,65.74,8.64,94.65,196.0
79.91,96.49,20.16,57.16,5.24,36.47,131.0
103.66,182.25,16.88,71.45,3.54,18.37,209.0
169.76,293.73,21.3,43.59,6.43,135.59,296.0
172.14,232.06,32.5,75.17,4.51,84.8,327.0
82.23,170.96,21.94,79.93,0.91,28.85,159.0
37.64,79.52,26.24,75.96,3.84,17.48,85.0
159.94,341.81,23.67,68.89,9.94,26.78,351.0
36.44,78.24,24.18,70.62,0.58,75.99,85.0
146.73,176.09,34.39,58.69,7.0,103.59,277.0
174.89,426.74,20.92,39.51,8.43,99.78,340.0
176.65,398.96,27.55,63.85,6.52,30.22,375.0
189.6,450.33,23.4,65.64,5.74,98.69,386.0
218.85,267.07,16.22,79.27,7.1,66.68,354.0
127.49,307.76,24.79,57.07,4.35,75.06,262.0
183.91,414.3,31.27,43.57,1.0,122.2,351.0
156.7,358.58,16.98,64.18,9.63,56.55,336.0
50.73,67.02,16.39,78.97,4.38,30.58,118.0
11.29,24.4,18.07,38.86,6.69,132.28,52.0
74.71,182.89,30.29,46.3,5.36,39.7,174.0
113.54,236.41,29.48,57.09,0.64,51.16,218.0
156.19,303.28,26.3,38.51,9.53,108.92,286.0
213.24,518.03,24.36,31.11,7.95,105.7,403.0
53.08,94.26,32.77,46.85,1.58,122.06,120.0
35.76,70.77,30.33,73.27,9.82,35.74,135.0
241.05,438.53,31.24,32.17,7.4,59.32,394.0
31.47,75.93,31.27,51.45,4.78,27.62,95.0
122.23,158.77,27.85,68.11,6.15,85.75,243.0
148.46,274.87,24.16,77.66,1.16,50.96,277.0
137.64,288.08,32.29,79.27,5.65,106.45,333.0
26.08,58.14,33.52,51.1,0.83,10.05,50.0
18.97,37.14,15.48,77.52,5.49,18.36,65.0
30.84,73.46,16.03,31.77,5.57,70.56,80.0
148.47,359.98,34.17,67.3,8.76,144.15,407.0
138.36,177.61,20.54,62.14,7.28,134.72,244.0
62.27,107.29,32.47,42.48,2.57,149.16,128.0
161.25,198.42,22.78,55.37,8.9,68.36,271.0
205.92,335.28,17.38,36.48,5.78,16.52,280.0
15.19,28.82,16.61,73.58,6.1,52.83,74.0
127.04,302.87,18.13,47.89,1.77,104.61,233.0
173.88,400.02,20.0,61.3,8.59,28.92,356.0
66.82,91.25,24.77,37.94,9.32,52.0,128.0
80.4,106.21,29.03,40.31,7.77,17.86,149.0
155.34,305.41,34.73,79.6,9.41,76.5,382.0
224.99,425.63,23.83,67.65,3.09,39.25,390.0
203.43,314.56,25.36,78.1,8.63,22.77,376.0
147.87,350.34,25.44,44.79,4.94,67.57,285.0
183.9,442.4,25.79,38.23,1.72,59.17,339.0
94.38,162.66,25.35,55.15,6.72,85.25,191.0
162.04,381.98,15.18,54.73,6.87,114.87,301.0
119.21,202.56,15.03,38.75,2.94,25.76,168.0
51.53,111.2,16.95,66.66,0.37,120.76,112.0
176.93,321.78,17.03,48.09,2.08,13.68,253.0
141.33,192.12,29.1,39.32,4.06,72.03,220.0
92.86,223.46,19.1,46.6,1.76,92.24,186.0
228.28,408.69,32.89,58.18,2.02,143.98,439.0
10.13,21.83,33.57,66.32,3.97,90.35,70.0
82.36,138.15,34.52,54.09,9.62,32.22,185.0
18.94,23.19,33.78,56.28,7.67,82.46,118.0
192.8,256.56,20.44,36.95,3.27,65.41,266.0
177.02,326.61,25.2,75.73,9.52,77.11,384.0
86.18,180.72,18.51,76.44,6.49,37.59,180.0
170.54,278.86,31.12,64.17,4.61,80.12,336.0
102.0,214.63,32.77,30.88,4.74,31.01,187.0
190.28,401.16,32.03,56.85,4.17,114.17,393.0
116.27,245.94,23.67,61.46,2.41,93.15,215.0
106.01,195.09,30.17,79.73,3.93,20.99,213.0
234.01,559.13,16.95,79.8,5.33,134.55,495.0
66.47,122.03,15.8,72.88,5.33,96.29,160.0
34.51,61.61,30.06,33.19,7.64,54.25,104.0
148.21,216.27,23.51,77.66,3.65,16.39,261.0
242.48,387.96,34.91,60.63,7.2,98.51,468.0
97.57,122.45,16.95,70.04,5.82,62.28,166.0
20.2,40.87,32.11,50.36,9.62,137.07,119.0
88.13,134.23,24.6,45.98,3.91,14.88,151.0
128.95,205.73,31.54,53.16,9.02,15.47,253.0
44.67,98.37,31.34,37.34,8.22,142.9,156.0
166.24,270.2,33.32,47.85,6.41,145.08,322.0
249.45,377.88,20.96,72.88,6.58,13.88,403.0
115.68,164.23,34.0,31.9,0.94,110.24,183.0
91.91,202.87,18.03,37.54,9.51,41.01,185.0
103.17,141.2,16.64,36.26,1.16,108.19,141.0
33.21,59.44,23.63,50.15,5.68,131.62,117.0
221.4,411.59,31.57,79.85,3.37,24.12,453.0
106.63,223.25,24.47,38.67,4.36,43.43,178.0
99.88,202.09,31.59,37.27,6.14,13.37,209.0
166.62,375.56,29.59,75.75,9.1,16.14,365.0
113.3,142.55,19.19,74.1,4.63,14.15,205.0
163.82,259.71,33.98,31.61,9.88,122.1,303.0
20.05,31.37,16.22,67.59,5.97,51.76,66.0
204.36,284.03,32.97,62.77,1.69,79.05,346.0
235.42,371.01,21.09,68.39,1.98,120.3,393.0
163.95,262.76,25.0,54.73,7.19,79.29,295.0
238.87,448.7,23.45,79.57,0.6,70.09,437.0
42.1,86.85,18.44,32.19,4.86,11.62,94.0
121.97,206.79,22.16,41.72,1.57,89.53,198.0
152.44,325.51,18.86,49.83,4.39,27.46,253.0
147.53,241.5,19.08,52.49,7.52,117.05,270.0
103.36,163.03,18.74,76.07,4.64,46.08,196.0
87.83,167.19,24.78,58.0,1.72,104.39,167.0
36.07,44.4,30.96,32.26,2.59,100.47,85.0
100.98,131.65,26.38,50.39,3.74,96.33,173.0
44.85,78.19,32.86,50.82,0.79,47.37,85.0
184.92,448.58,27.73,78.27,5.88,47.39,427.0
56.16,120.08,28.79,59.96,6.11,130.83,139.0
19.35,25.43,28.35,61.78,0.72,11.79,29.0
140.33,322.79,23.99,65.66,4.08,35.41,294.0
150.83,324.59,28.79,68.5,4.2,95.42,329.0
218.62,435.98,16.39,61.75,3.4,124.39,366.0
146.36,331.71,32.2,41.86,5.62,60.17,308.0
89.64,154.66,30.56,73.7,3.52,101.48,199.0
201.74,300.18,19.9,66.61,4.22,88.0,317.0
137.37,256.28,30.36,67.09,8.0,19.04,315.0
24.42,46.73,15.25,79.83,1.7,97.05,58.0
143.63,272.88,19.34,70.13,6.23,123.95,300.0
227.46,440.05,16.3,71.46,5.11,148.94,410.0
102.1,248.43,30.6,77.57,3.12,14.15,241.0
77.6,184.14,30.12,37.56,7.3,102.41,181.0
40.15,93.89,31.27,54.89,5.56,68.04,109.0
42.1,94.39,15.09,59.03,4.83,11.37,97.0
111.03,269.41,25.02,46.46,6.71,96.01,249.0
150.94,200.46,29.1,71.97,8.04,27.14,296.0
24.75,38.23,18.11,68.12,9.73,63.0,97.0
235.19,433.6,28.0,66.04,6.33,46.59,470.0
190.01,437.11,16.68,79.86,8.76,60.56,406.0
148.72,276.14,18.63,42.97,0.11,78.98,228.0
207.97,451.8,24.52,66.77,5.35,60.29,403.0
24.65,34.03,28.07,57.57,2.23,87.38,60.0
121.83,186.17,17.92,45.65,1.03,43.41,174.0
159.37,342.86,18.7,38.03,5.37,98.95,273.0
208.02,294.17,19.09,74.79,7.49,129.53,369.0
196.95,326.3,19.77,59.77,4.18,41.37,307.0
72.88,112.55,19.53,71.25,6.73,81.1,161.0
235.52,389.74,22.9,57.27,4.95,100.82,396.0
35.46,75.21,28.08,41.0,4.43,89.05,85.0
219.41,368.21,23.76,46.88,2.97,61.19,347.0
242.88,466.78,30.52,49.08,3.89,99.91,425.0
48.4,64.37,29.39,78.65,3.56,13.95,103.0
181.91,408.66,17.53,30.28,6.5,61.79,313.0
14.87,24.99,15.98,79.28,1.25,84.57,54.0
104.33,213.15,32.56,79.02,1.02,12.89,224.0
131.49,281.78,16.6,79.81,6.63,81.07,272.0
147.26,216.85,17.97,53.83,5.51,101.6,257.0
234.3,550.63,15.44,78.19,4.36,116.29,481.0
169.7,339.59,27.57,49.78,1.61,25.87,283.0
122.91,216.0,26.65,31.31,4.17,148.68,212.0
203.37,292.25,34.74,41.22,7.92,94.86,367.0
237.88,576.86,32.74,77.26,8.91,60.85,500.0
10.41,22.7,23.22,30.69,7.06,44.87,42.0
245.72,361.31,22.43,57.3,0.69,90.21,356.0
26.1,42.78,20.94,33.78,6.74,133.44,85.0
204.52,460.71,18.05,44.32,2.49,82.88,319.0
73.68,155.06,17.76,34.4,3.22,102.61,135.0
37.38,82.08,17.65,72.98,2.04,60.08,100.0
112.76,200.0,17.28,59.55,7.78,64.34,200.0
162.77,346.93,19.81,75.11,6.52,50.06,334.0
98.33,167.41,21.13,64.42,6.16,108.79,198.0
18.37,27.09,34.23,78.55,6.71,60.29,105.0
151.87,307.15,26.57,55.49,2.44,36.7,270.0
226.09,558.17,34.75,61.94,4.5,61.72,500.0
98.89,158.59,22.45,58.82,6.37,129.54,198.0
58.0,104.36,24.15,54.21,6.4,113.36,152.0
113.43,235.51,21.49,72.3,7.94,56.85,256.0
16.85,32.08,18.66,62.23,2.94,136.95,67.0
206.02,473.11,17.86,70.07,7.73,20.48,398.0
207.45,454.38,33.9,69.32,4.46,16.97,449.0
149.06,190.17,34.74,39.55,6.73,27.85,240.0
91.51,228.59,15.9,62.51,4.61,26.3,179.0
200.95,437.69,18.01,39.98,9.49,22.3,357.0
140.9,327.32,23.47,59.17,1.88,102.59,287.0
207.35,424.36,18.73,63.87,6.78,94.12,396.0
159.71,369.43,22.28,79.86,5.81,100.66,359.0
197.18,265.42,17.58,31.53,1.81,106.37,245.0
151.65,250.53,24.13,34.56,0.75,115.96,225.0
106.46,249.06,20.43,33.85,8.01,39.0,207.0
239.7,350.47,22.04,49.92,1.66,97.12,355.0
137.57,179.08,16.89,71.08,1.95,91.21,213.0
153.25,340.91,23.56,72.2,9.79,142.11,360.0
59.02,134.93,34.67,66.85,7.2,42.53,181.0
158.28,223.41,21.58,74.84,2.58,18.22,253.0
145.04,335.15,32.53,46.14,5.95,101.49,302.0
50.29,105.24,31.86,34.41,5.39,113.62,109.0
19.6,36.77,34.04,32.91,8.46,49.65,85.0
153.07,348.89,30.8,72.61,7.32,89.92,365.0
192.1,335.23,28.19,66.52,8.33,18.34,376.0
133.23,193.48,32.13,64.93,2.19,144.41,250.0
60.56,95.1,16.51,46.98,6.44,25.39,113.0
168.3,312.48,24.26,49.0,0.5,19.46,259.0
24.63,46.56,34.79,77.91,0.78,16.18,74.0
113.25,254.5,30.39,33.19,7.16,69.82,243.0
45.02,100.35,34.24,68.69,0.34,23.6,112.0
50.19,98.17,30.59,45.48,5.84,114.25,136.0
54.56,120.86,32.5,31.95,8.42,135.84,166.0
99.74,144.56,29.13,67.13,3.86,46.43,189.0
17.53,22.18,30.21,46.55,0.54,98.03,61.0
102.46,239.32,25.46,66.11,7.17,15.93,235.0
130.37,169.25,33.48,65.38,9.3,64.12,256.0
123.41,187.66,31.5,56.74,7.2,51.01,222.0
98.78,207.83,31.88,68.87,5.83,42.01,250.0
210.59,364.8,28.46,59.05,2.38,100.26,379.0
40.61,94.98,21.09,44.33,0.25,28.23,78.0
128.9,204.61,15.71,66.71,6.98,130.5,257.0
20.2,24.55,33.71,59.46,2.39,103.08,50.0
22.43,35.69,26.72,30.64,8.6,109.5,86.0
145.6,284.13,20.96,75.08,4.72,140.95,302.0
143.67,242.63,17.98,57.28,5.35,141.93,265.0
220.12,417.2,31.59,73.43,7.56,87.23,467.0
141.68,331.47,31.73,74.14,7.82,79.35,348.0
240.15,573.05,31.29,52.25,6.46,56.95,488.0
16.93,26.17,27.9,55.38,9.39,110.18,110.0
29.01,52.24,22.32,50.79,9.82,85.35,100.0
15.8,30.23,21.08,52.47,9.47,140.6,92.0
50.39,122.65,15.17,74.76,8.26,43.41,148.0
137.61,343.78,31.67,69.41,7.09,53.44,337.0
163.17,245.73,16.75,36.33,6.67,54.25,216.0
16.17,34.68,27.62,60.52,1.13,122.84,46.0
236.76,400.47,25.08,79.8,2.79,23.87,423.0
211.33,255.82,25.53,59.78,0.16,73.79,308.0
77.67,94.14,33.53,69.29,1.46,69.86,142.0
23.91,43.01,15.63,68.45,4.45,20.24,66.0
46.62,85.54,30.47,47.52,1.55,67.51,81.0
36.1,44.38,16.04,48.59,9.03,81.87,82.0
35.2,73.68,15.76,66.2,8.08,19.11,122.0
132.05,208.93,23.6,55.0,0.81,81.38,224.0
65.23,125.76,16.26,58.53,2.56,144.29,145.0
92.74,147.57,30.78,65.65,8.21,147.05,226.0
247.43,350.67,25.59,68.88,8.05,84.44,433.0
172.66,298.58,15.58,43.58,9.46,82.11,282.0
237.5,356.71,15.81,37.34,9.98,49.97,347.0
39.93,75.67,27.25,44.59,9.77,149.6,144.0
98.62,143.84,31.12,55.38,4.16,48.39,187.0
140.91,262.22,23.76,47.11,2.58,73.41,237.0
23.81,33.44,26.09,58.42,7.61,10.41,84.0
6.03,12.49,31.0,32.67,3.06,58.89,39.0
169.26,369.0,27.21,55.49,8.08,20.0,344.0
162.25,217.98,19.5,48.4,5.39,114.14,243.0
105.64,191.02,27.26,56.73,7.96,88.54,230.0
124.96,161.47,27.57,51.13,2.83,90.1,192.0
106.78,211.18,29.68,44.21,5.13,50.11,209.0
10.88,16.8,27.42,75.21,5.68,124.09,80.0
87.17,164.39,34.38,39.24,9.44,10.46,167.0
48.39,90.61,18.95,64.07,2.74,56.7,98.0
29.11,69.92,34.02,76.23,9.37,102.33,134.0
239.4,458.16,25.77,56.93,8.07,137.11,466.0
151.84,297.29,28.44,73.82,7.34,42.85,337.0
183.52,316.05,16.99,36.24,7.89,85.75,278.0
82.26,200.21,22.61,54.69,6.09,85.32,199.0
101.32,223.95,30.39,52.85,2.52,132.38,230.0
63.05,99.05,29.14,30.41,1.98,17.07,95.0
28.76,66.07,15.8,52.16,8.68,69.43,113.0
48.86,86.1,25.93,48.45,7.28,35.55,110.0
200.39,456.34,16.77,63.49,2.21,13.01,364.0
171.0,388.13,34.92,76.92,6.19,30.58,408.0
139.0,200.93,32.95,34.29,4.53,146.71,234.0
121.4,256.33,15.42,46.37,1.67,40.08,188.0
231.0,364.47,32.17,52.2,5.37,140.9,407.0
22.82,36.21,33.39,52.76,2.89,38.74,68.0
73.75,116.91,22.07,68.74,1.05,140.38,132.0
90.73,194.47,29.39,52.17,4.72,101.65,219.0
196.69,294.8,23.84,31.36,5.94,25.85,269.0
248.17,298.09,28.1,65.51,0.56,91.47,385.0
63.96,136.23,21.81,74.24,4.08,54.59,149.0
219.21,311.83,21.45,55.7,2.65,63.64,326.0
208.5,278.52,23.49,59.06,0.4,71.62,297.0
60.04,90.59,17.91,38.15,1.34,69.18,95.0
102.84,174.19,31.62,41.03,1.48,102.98,185.0
105.37,191.63,21.97,41.76,1.91,117.57,166.0
244.66,307.77,23.0,51.54,8.05,56.08,356.0
49.32,121.41,32.88,76.41,4.45,139.41,163.0
200.79,427.87,24.93,56.09,1.56,141.39,371.0
86.88,140.75,25.89,39.6,1.09,15.7,141.0
184.06,297.13,34.13,43.3,3.05,12.09,299.0
107.9,192.4,32.73,49.2,8.0,69.51,225.0
146.7,295.47,18.39,61.16,3.71,92.69,264.0
208.99,290.56,24.46,52.0,1.68,48.91,298.0
202.02,292.04,34.43,49.62,4.1,46.32,334.0
217.27,503.48,22.45,58.24,5.6,104.97,420.0
19.61,30.06,22.43,42.09,0.39,94.24,37.0
174.55,295.74,18.9,33.95,6.31,33.4,263.0
39.3,91.67,17.29,31.22,4.01,133.83,98.0
106.88,220.39,29.81,42.56,0.2,105.2,196.0
139.4,229.21,30.4,34.58,6.77,60.76,242.0
103.67,216.55,34.38,46.82,7.15,105.71,243.0
132.3,162.15,30.47,68.65,6.33,25.77,237.0
249.15,537.25,19.87,65.81,3.49,75.56,463.0
38.13,69.89,15.8,60.55,5.34,33.66,92.0
170.49,384.81,34.71,72.63,3.93,15.8,367.0
102.02,249.03,21.81,44.1,7.04,57.37,213.0
37.59,90.34,21.24,74.25,5.88,31.1,95.0
43.89,104.55,33.12,49.96,0.91,98.69,116.0
237.57,443.27,26.7,50.04,6.47,104.37,436.0
220.5,367.84,19.3,50.27,6.9,30.82,338.0
227.23,410.04,32.78,34.9,3.77,13.45,365.0
247.93,519.87,34.87,78.77,8.77,120.99,500.0
56.04,131.64,16.73,36.93,8.45,10.29,131.0
92.08,135.28,32.25,47.04,1.83,58.15,164.0
168.96,404.43,22.81,45.97,9.05,79.24,355.0
123.53,279.15,25.48,33.73,4.46,124.61,253.0
107.51,265.81,33.3,37.61,7.27,127.4,246.0
92.66,217.23,34.47,32.24,8.16,111.49,232.0
150.48,235.33,20.24,44.62,5.1,44.61,246.0
146.02,195.34,19.26,73.33,4.05,110.83,235.0
44.56,59.97,16.61,46.97,9.16,44.52,101.0
120.58,190.34,26.24,36.18,2.39,40.05,178.0
140.6,280.98,15.27,62.28,2.64,86.6,253.0
144.72,324.99,23.24,79.83,3.68,105.04,298.0
56.48,133.79,16.47,41.62,8.61,17.43,145.0
186.86,375.75,23.1,43.98,9.39,18.4,332.0
11.17,13.49,15.8,78.59,2.28,119.78,61.0
91.93,132.59,31.7,38.94,8.65,130.33,197.0
196.15,260.81,19.19,55.56,2.66,94.62,289.0
143.15,239.4,21.57,41.98,9.71,70.04,230.0
68.98,127.74,32.4,76.62,6.01,128.34,193.0
175.26,220.2,29.93,79.08,0.17,112.03,311.0
144.01,238.05,19.38,70.73,0.44,91.14,243.0
200.08,286.7,16.44,45.74,1.56,54.77,246.0
185.08,377.79,29.31,50.17,1.96,37.72,331.0
154.48,278.61,22.81,42.12,7.7,68.61,262.0
124.6,229.76,30.32,74.54,2.31,50.16,243.0
37.63,66.08,23.91,75.73,9.69,57.5,115.0
69.03,168.62,21.92,50.94,6.4,82.19,173.0
107.68,159.27,24.02,62.83,6.96,33.67,213.0
151.83,284.17,29.97,38.28,2.26,122.86,289.0
130.86,282.24,33.04,51.75,8.94,30.37,278.0
75.61,145.46,16.0,61.57,6.71,77.34,169.0
6.58,15.85,25.48,49.27,8.66,114.44,86.0
126.58,214.09,15.66,47.88,9.57,77.9,219.0
74.98,135.17,24.37,30.05,1.34,60.54,110.0
184.98,243.26,32.71,70.21,1.06,76.48,304.0
10.87,21.64,22.23,74.47,8.05,128.81,86.0
148.28,233.5,33.65,78.47,8.67,148.66,356.0
235.66,331.91,27.61,65.96,5.88,98.36,424.0
47.73,91.06,33.68,57.44,3.72,121.08,143.0
120.55,228.09,30.14,43.46,6.56,12.03,211.0
27.4,35.58,17.07,79.96,3.13,133.25,75.0
158.29,333.63,19.62,59.49,2.46,143.57,311.0
139.88,281.29,22.88,64.06,4.93,90.52,273.0
104.8,151.52,18.4,64.12,2.24,115.53,178.0
132.74,240.29,24.9,72.26,4.89,81.78,253.0
224.66,479.97,24.43,30.48,9.57,50.07,397.0
53.09,100.25,34.13,41.01,8.41,129.31,138.0
10.53,18.05,23.67,63.28,9.42,93.56,69.0
216.11,349.89,30.71,74.76,8.08,91.11,452.0
146.39,291.84,33.84,64.27,3.61,102.28,337.0
223.21,540.36,32.54,50.67,8.14,129.84,495.0
151.25,313.59,19.17,48.08,9.24,112.47,293.0
203.49,263.96,24.92,66.9,9.48,39.56,360.0
110.27,198.36,21.95,67.06,6.86,75.36,231.0
188.72,445.01,23.0,60.35,2.19,147.24,377.0
228.7,302.52,22.22,44.57,0.49,87.64,302.0
145.17,360.83,31.53,76.26,1.56,141.35,342.0
49.29,119.97,24.04,57.59,9.66,123.87,167.0
70.86,92.24,25.47,69.52,4.67,103.24,151.0
53.67,129.52,34.65,40.72,8.56,58.91,152.0
65.48,109.49,16.2,47.2,4.7,52.6,107.0
80.07,184.01,24.76,73.73,6.64,100.08,204.0
141.01,245.9,30.48,32.51,0.34,70.56,225.0
149.06,264.3,18.02,55.62,2.57,121.83,260.0
109.49,221.67,27.23,54.09,4.42,116.46,228.0
155.78,343.77,19.79,67.56,6.34,53.7,310.0
24.99,31.08,32.35,44.09,1.8,108.38,57.0
26.51,52.25,21.54,40.95,7.67,79.24,98.0
47.1,67.95,21.58,76.31,3.71,55.26,104.0
131.93,217.65,26.96,58.59,8.19,67.82,266.0
57.43,94.89,18.67,35.23,1.07,135.35,104.0
74.4,134.66,20.7,39.65,6.83,60.33,142.0
103.08,168.47,23.33,79.94,3.0,50.24,186.0
203.91,273.15,22.07,39.78,7.97,59.25,289.0
8.4,11.67,25.5,60.52,4.08,40.05,53.0
164.1,204.05,26.99,51.01,6.69,86.25,263.0
168.87,305.89,26.33,74.28,9.35,30.64,349.0
200.67,489.79,28.08,67.76,0.3,124.44,418.0
233.52,315.35,21.15,59.85,0.21,41.58,313.0
9.93,24.14,17.53,30.54,7.73,93.73,55.0
42.68,91.9,30.22,73.99,6.5,27.5,145.0
222.11,450.61,32.02,52.23,3.0,146.98,442.0
117.34,239.23,20.14,76.58,4.99,73.64,242.0
143.32,326.03,23.14,54.78,0.52,125.1,285.0
167.44,224.2,24.97,64.71,2.01,117.61,274.0
171.37,318.1,25.67,33.46,4.3,109.92,298.0
233.28,491.33,28.19,67.26,8.36,125.83,500.0
249.25,489.25,15.83,46.9,4.85,24.06,390.0
181.44,414.15,29.43,47.57,5.9,104.99,374.0
75.37,97.52,16.24,35.93,8.75,47.22,136.0
220.54,462.67,24.37,37.34,3.16,120.02,374.0
17.06,32.31,31.55,39.29,7.04,143.96,73.0
61.61,104.31,24.02,46.41,8.63,136.21,150.0
224.86,369.3,17.98,74.6,2.11,26.09,349.0
67.77,136.01,34.7,48.41,3.63,61.74,145.0
59.06,139.28,32.79,66.22,9.8,61.01,209.0
38.84,71.66,30.43,34.14,9.83,27.12,122.0
215.48,489.61,23.23,59.55,2.31,23.74,400.0
127.51,219.68,18.68,54.09,0.76,63.88,205.0
170.35,227.09,33.83,78.9,2.78,148.89,318.0
63.57,81.37,25.65,72.31,4.04,89.65,143.0
190.72,241.59,32.05,52.74,4.47,97.05,325.0
191.2,323.93,21.84,68.76,6.23,75.94,326.0
81.59,133.67,21.71,39.65,9.01,102.73,177.0
105.62,225.32,34.71,58.12,3.37,143.93,237.0
56.37,122.09,25.44,33.73,8.51,92.42,123.0
244.26,309.26,17.81,47.4,1.03,19.11,314.0
163.17,242.71,19.39,41.29,0.51,79.0,212.0
233.96,364.17,24.64,65.95,5.09,148.99,410.0
79.33,151.67,15.85,54.5,0.69,64.24,140.0
196.56,272.8,24.25,67.55,3.99,93.14,326.0
192.64,264.7,23.38,55.76,8.98,24.93,312.0
174.46,423.39,30.59,34.32,2.49,29.77,317.0
241.58,542.46,22.1,66.77,7.09,132.46,500.0
101.42,145.52,34.65,71.66,3.09,52.05,199.0
37.03,64.0,18.62,75.18,0.54,52.76,73.0
169.57,281.88,26.82,58.6,5.61,64.21,302.0
183.68,409.3,16.79,67.68,8.37,145.31,385.0
145.89,271.83,29.68,67.6,4.15,21.81,289.0
55.67,76.06,34.9,37.79,6.21,124.63,154.0
128.59,277.85,31.38,38.21,9.01,57.82,267.0
81.49,139.83,26.11,33.54,7.92,128.93,171.0
109.73,169.18,24.69,46.0,2.02,148.85,193.0
163.08,275.3,31.7,53.68,7.36,58.81,324.0
187.58,346.47,33.72,79.89,5.07,28.11,389.0
61.9,101.88,34.78,51.55,7.49,30.21,149.0
104.3,157.97,22.93,66.31,5.0,116.22,181.0
70.94,121.89,34.82,64.67,1.37,30.29,137.0
53.66,65.74,18.12,40.22,5.74,46.46,106.0
196.93,434.08,20.07,32.93,4.97,38.62,309.0
227.77,323.94,16.78,57.3,5.23,59.79,335.0
95.71,120.31,20.43,65.02,8.8,20.41,172.0
189.06,387.54,30.36,79.91,8.96,129.94,448.0
224.76,495.86,32.06,47.93,4.59,130.42,462.0
212.3,479.37,30.58,74.82,4.61,67.81,462.0
49.79,91.69,27.62,49.1,5.2,95.69,127.0
239.29,351.04,25.28,64.47,5.24,99.87,410.0
97.29,209.98,29.17,59.91,9.51,114.9,246.0
88.11,185.89,22.82,32.65,6.53,82.9,175.0
20.3,30.85,31.83,33.92,2.85,81.45,49.0
124.11,294.7,28.54,31.04,5.36,98.38,252.0
31.71,42.35,28.96,48.54,6.31,108.43,85.0
65.89,163.25,25.72,67.29,6.43,58.54,174.0
82.65,191.61,32.7,38.64,5.89,56.25,184.0
203.16,425.48,20.04,60.29,1.86,47.76,362.0
219.49,531.26,22.62,44.44,0.43,86.84,388.0
79.1,169.2,30.55,69.85,3.44,60.42,196.0
215.38,311.78,24.85,69.92,4.33,85.64,374.0
215.02,381.62,32.78,68.77,0.71,66.84,408.0
192.34,248.69,21.93,56.24,8.17,127.14,316.0
40.94,69.87,22.39,44.23,3.51,20.24,88.0
174.13,376.83,32.77,70.47,9.14,90.11,417.0
236.53,402.66,24.29,39.31,1.63,90.59,337.0
172.22,280.62,25.32,44.49,0.66,63.72,257.0
86.25,170.25,21.66,39.2,4.87,68.94,165.0
127.64,297.9,20.53,63.71,1.97,122.02,245.0
163.2,205.94,28.12,64.31,9.38,49.29,289.0
130.09,221.3,17.4,62.63,0.2,132.0,204.0
34.39,48.34,32.59,50.78,4.18,135.49,110.0
81.46,171.38,30.58,35.01,9.27,101.09,212.0
201.59,269.61,18.81,75.56,3.91,118.2,328.0
216.05,445.98,28.88,55.39,1.02,95.81,406.0
38.64,60.74,27.05,50.35,3.1,83.54,94.0
238.33,347.63,18.69,59.44,5.03,145.33,392.0
85.56,206.82,20.46,39.64,1.93,49.57,148.0
167.27,204.75,23.18,36.63,4.72,31.58,223.0
189.2,334.71,28.98,50.28,8.38,50.25,348.0
203.93,250.45,27.77,41.36,8.74,96.05,322.0
236.71,432.86,25.64,42.21,0.59,35.93,385.0
81.67,151.19,30.37,74.63,1.69,137.23,192.0
215.33,348.45,30.16,56.54,2.83,67.54,360.0
37.26,51.12,27.36,54.17,5.99,128.99,99.0
177.74,300.25,30.74,64.47,3.67,44.89,341.0
186.78,387.38,21.69,77.58,8.46,53.84,385.0
171.04,379.22,32.62,35.61,7.2,18.29,334.0
66.82,126.28,27.3,71.68,1.09,46.09,128.0
218.9,430.52,31.45,59.2,6.28,78.64,427.0
46.37,67.74,25.93,37.31,1.22,142.46,99.0
18.14,28.54,19.37,44.86,2.62,64.45,41.0
180.78,254.98,25.85,54.12,1.86,99.56,288.0
121.49,185.16,22.42,64.56,1.81,69.88,208.0
213.03,317.91,28.95,42.13,6.2,16.55,337.0
98.93,185.53,24.52,56.74,5.68,80.49,201.0
46.23,89.29,31.72,64.23,1.84,19.23,105.0
209.93,509.8,28.56,52.44,9.9,133.72,461.0
139.48,202.84,28.69,73.15,4.28,115.43,250.0
51.35,104.46,19.34,73.47,1.06,63.01,113.0
181.49,410.62,34.68,53.53,1.29,99.63,377.0
130.22,251.11,31.83,78.65,5.88,25.68,286.0
153.06,234.41,30.78,33.78,9.79,108.36,264.0
117.92,181.75,21.6,30.17,5.76,125.18,172.0
208.03,260.26,25.71,49.03,9.5,125.04,344.0
208.24,332.58,17.74,60.05,4.5,49.8,340.0
178.8,387.64,25.77,61.46,4.41,46.92,350.0
30.82,38.89,17.92,53.82,5.05,83.0,74.0
210.52,312.64,26.06,36.24,7.0,145.49,336.0
169.4,358.8,27.97,38.52,3.74,138.87,338.0
175.77,389.76,22.8,72.61,8.65,60.35,391.0
93.93,168.32,24.97,73.4,0.39,119.18,179.0
220.42,464.54,32.51,63.69,4.45,138.98,474.0
182.72,311.41,17.17,63.21,5.16,46.53,304.0
32.58,45.88,30.83,59.88,6.11,126.24,101.0
104.91,180.19,18.42,40.15,2.83,47.51,167.0
222.16,434.1,15.73,51.41,4.33,58.06,343.0
16.56,40.29,18.71,64.79,4.9,37.83,47.0
240.55,310.16,30.3,56.86,6.9,80.99,401.0
171.39,318.73,23.1,30.93,7.76,128.06,291.0
159.69,259.91,32.45,77.68,7.4,83.93,349.0
71.29,132.65,25.49,72.24,3.48,27.28,141.0
65.95,81.2,15.45,43.03,9.99,45.25,120.0
235.8,378.92,29.33,60.82,8.5,88.8,452.0
78.08,176.91,17.2,76.16,2.67,91.65,176.0
195.0,374.42,30.79,34.8,2.03,90.77,317.0
101.31,180.92,18.36,55.15,3.21,20.78,147.0
39.12,61.46,21.91,52.81,4.58,115.52,91.0
7.63,12.1,30.23,50.51,8.52,137.32,87.0
138.34,234.91,34.08,71.78,7.81,81.47,308.0
244.07,557.99,22.43,49.03,8.53,110.64,461.0
95.44,234.53,31.59,33.18,2.79,137.96,201.0
92.51,163.77,18.82,33.29,5.98,99.97,162.0
89.3,152.83,31.14,32.14,2.9,104.41,170.0
132.53,304.89,28.15,50.46,1.18,111.0,265.0
112.96,198.25,18.85,65.92,6.87,46.47,217.0
220.58,422.99,21.05,40.19,1.52,91.57,337.0
128.85,193.31,17.64,62.32,6.71,127.9,231.0
129.4,280.35,22.66,64.35,6.51,51.46,280.0
38.9,73.58,19.07,42.76,8.12,135.6,124.0
245.77,553.41,27.88,60.03,1.48,96.85,500.0
66.24,146.73,34.89,64.24,7.86,69.24,200.0
22.97,33.99,15.24,53.33,9.99,97.25,88.0
167.47,356.77,25.82,46.84,8.53,66.26,321.0
150.86,337.95,26.47,60.96,7.54,127.32,351.0
106.71,176.07,33.28,78.89,6.66,77.52,245.0
108.44,154.46,25.12,51.34,4.28,136.17,207.0
197.34,237.48,25.87,49.59,7.33,81.37,300.0
52.95,94.58,24.43,53.21,7.27,102.45,142.0
205.96,341.52,20.38,33.81,6.35,149.68,308.0
163.94,315.0,16.12,57.66,7.98,30.58,295.0
107.65,155.49,23.17,46.43,4.54,113.14,174.0
117.22,271.66,16.05,36.07,1.3,29.44,185.0
67.88,104.2,26.01,53.31,5.63,127.44,152.0
189.27,282.83,21.15,30.17,2.72,93.5,258.0
130.65,238.43,25.67,50.09,3.91,141.34,246.0
83.61,154.55,17.69,35.29,0.27,131.23,130.0
151.03,223.47,33.65,31.21,3.89,20.48,232.0
248.95,386.73,32.89,71.22,8.11,29.22,468.0
111.64,158.6,18.8,75.81,5.47,94.16,201.0
230.57,492.03,21.87,40.38,0.2,82.56,364.0
89.53,197.06,27.27,56.96,4.75,33.6,188.0
18.41,33.16,16.91,43.9,2.99,28.11,33.0
55.04,117.14,22.09,54.68,4.83,88.96,141.0
107.58,232.02,20.02,51.83,4.11,16.85,191.0
58.81,81.14,33.31,43.45,9.33,132.32,158.0
5.06,12.42,32.05,65.02,0.51,122.99,28.0
229.18,519.62,26.6,36.32,6.87,119.95,446.0
211.75,310.39,25.41,32.65,8.53,12.24,335.0
186.86,269.46,33.61,68.38,9.6,16.67,358.0
46.11,62.87,33.65,63.3,1.86,86.98,115.0
34.49,47.59,34.39,54.93,5.36,149.22,115.0
21.56,46.85,17.51,53.39,0.53,57.92,63.0
182.39,330.22,18.21,54.87,5.04,58.21,304.0
232.56,515.77,28.53,51.85,1.34,28.8,424.0
110.48,239.76,25.83,49.64,8.4,104.41,224.0
34.19,67.9,15.37,54.98,1.23,100.53,66.0
130.54,273.12,16.24,56.43,5.18,24.19,230.0
90.46,110.72,32.76,64.6,5.26,75.44,185.0
96.83,155.45,32.38,65.56,9.72,103.39,230.0
157.23,319.04,22.15,48.88,6.58,79.09,285.0
181.09,219.5,32.82,50.68,2.95,104.41,296.0
32.1,39.89,26.87,48.68,2.48,124.28,66.0
13.72,31.66,31.12,56.83,1.37,106.01,58.0
248.61,519.41,23.55,52.67,7.59,96.26,476.0
62.02,95.82,17.27,74.48,6.94,129.5,158.0
18.19,38.09,23.67,64.82,6.14,136.08,96.0
51.52,114.9,24.15,74.93,0.5,64.44,94.0
14.54,23.25,26.02,65.46,7.65,34.25,64.0
100.99,125.92,17.11,78.55,6.45,124.5,219.0
201.59,486.35,34.83,61.79,9.64,39.93,473.0
88.6,146.09,19.88,78.18,5.91,140.05,215.0
113.82,152.35,18.97,37.91,3.11,13.2,144.0
170.52,313.65,25.54,32.62,3.88,138.98,281.0
129.68,285.17,25.74,58.96,1.84,92.49,264.0
216.05,321.52,23.8,79.17,7.26,118.46,410.0
217.18,336.7,30.44,50.88,7.11,65.79,382.0
7.43,11.26,25.33,40.6,2.09,148.84,40.0
195.62,486.94,27.19,56.08,1.67,41.86,376.0
117.88,171.71,29.47,62.44,0.86,47.01,187.0
247.27,481.72,15.5,45.76,9.13,17.2,384.0
123.39,296.49,26.41,65.74,2.41,141.67,280.0
246.79,343.28,32.68,78.76,3.51,73.84,462.0
189.87,467.48,15.35,74.85,2.88,104.48,381.0
65.91,160.27,23.1,44.58,4.19,106.24,157.0
136.91,321.72,33.52,46.34,7.17,132.43,322.0
248.07,366.88,22.06,48.58,8.72,103.09,383.0
215.09,435.41,24.17,49.73,1.91,88.68,370.0
28.85,63.17,34.63,35.02,6.9,109.44,108.0
178.06,441.92,18.99,68.1,3.59,115.14,377.0
89.67,128.63,16.31,48.27,9.81,36.03,152.0
6.71,14.74,32.19,73.99,3.06,25.35,18.0
103.85,170.36,32.37,76.35,0.17,20.48,192.0
62.51,89.29,24.44,31.22,5.2,62.37,115.0
205.62,359.39,25.28,79.43,1.59,79.72,380.0
87.65,195.62,31.72,65.5,0.54,96.19,196.0
207.74,374.83,29.77,56.02,7.01,144.12,419.0
5.15,9.77,20.3,49.48,7.35,56.31,49.0
80.42,200.53,15.34,55.93,4.66,116.52,175.0
64.09,110.15,24.59,46.23,6.8,84.39,144.0
62.22,124.45,32.18,61.13,5.43,40.81,140.0
21.71,36.35,32.92,34.65,6.34,96.14,81.0
50.85,86.98,34.12,61.06,6.01,145.4,154.0
141.11,296.94,32.59,43.77,6.69,27.4,298.0
76.38,184.79,26.6,30.88,2.08,81.02,146.0
107.26,204.34,23.89,57.64,2.76,17.23,192.0
97.33,214.03,30.5,58.92,4.46,54.97,226.0
219.6,288.98,29.8,51.33,4.52,96.88,343.0
226.8,334.42,25.76,33.61,7.77,127.75,365.0
125.77,233.03,16.75,74.67,3.74,112.25,260.0
85.89,105.3,33.52,60.57,1.71,74.8,153.0
31.17,47.64,24.11,35.79,2.59,137.29,72.0
238.58,446.78,22.27,55.55,2.23,52.38,407.0
19.76,24.09,27.59,54.86,7.34,115.56,98.0
77.92,120.31,28.48,33.02,4.76,76.36,142.0
78.03,145.77,19.21,60.34,7.12,135.81,196.0
83.5,162.41,31.74,70.42,4.22,121.64,222.0
45.25,108.76,20.8,67.45,8.91,136.21,154.0
196.87,401.42,18.73,40.15,9.84,39.99,337.0
35.01,60.89,23.13,73.11,6.73,103.54,123.0
160.55,386.84,29.61,47.13,8.65,113.38,360.0
35.34,78.47,34.31,77.33,5.13,113.94,120.0
22.28,32.53,31.19,33.59,9.35,80.56,82.0
227.81,312.12,33.81,54.31,8.33,11.58,377.0
51.58,107.22,17.81,59.86,9.92,46.6,144.0
206.21,397.53,16.42,42.38,6.27,55.26,310.0
138.43,308.24,26.15,68.57,7.81,129.29,332.0
24.07,52.01,20.81,61.34,5.47,127.72,112.0
239.08,481.22,31.56,30.91,2.67,24.66,402.0
65.51,162.6,28.44,60.42,3.61,142.98,160.0
215.61,408.3,34.41,54.57,8.95,35.54,421.0
46.36,62.45,20.1,39.8,0.65,68.01,63.0
214.22,487.72,24.72,79.79,5.96,40.12,451.0
8.24,12.59,25.02,74.86,3.79,130.45,47.0
130.39,288.22,19.78,44.63,3.93,114.92,242.0
193.51,472.99,26.8,57.05,8.86,59.49,429.0
234.02,492.82,23.87,45.83,8.55,105.46,443.0
227.75,449.78,23.93,68.77,6.03,35.81,428.0
205.81,370.15,22.25,76.52,2.8,63.52,371.0
222.61,372.58,15.34,47.94,4.81,62.8,329.0
53.81,89.26,25.44,70.28,4.14,43.31,119.0
74.63,151.29,21.7,54.92,3.6,132.68,171.0
75.8,164.98,15.03,49.83,1.12,105.04,142.0
97.38,202.75,21.16,76.92,5.48,49.19,210.0
101.36,147.78,20.57,55.52,3.09,43.9,143.0
138.42,254.99,22.87,53.37,6.64,12.51,262.0
44.17,98.46,17.64,63.62,3.26,58.52,95.0
174.36,317.05,25.15,43.06,4.37,83.75,298.0
46.05,87.39,28.85,46.24,0.62,48.88,67.0
81.03,178.46,27.6,76.6,9.93,108.06,241.0
128.32,264.29,31.08,63.93,5.13,67.64,282.0
200.13,346.65,24.04,71.33,0.34,54.28,343.0
186.17,440.11,25.38,43.56,5.46,141.47,400.0
163.16,230.27,31.21,57.19,8.72,46.79,297.0
43.16,107.66,23.55,78.57,7.75,65.76,154.0
139.03,188.31,29.03,45.94,7.04,63.52,244.0
26.42,32.22,23.69,38.02,1.48,43.77,40.0
97.45,229.7,23.35,55.54,6.61,40.45,221.0
106.31,161.43,30.2,49.39,7.69,52.33,207.0
14.75,31.7,18.5,37.98,5.77,130.99,79.0
72.13,162.6,21.77,74.43,8.94,117.39,227.0
239.13,554.0,19.48,79.54,2.84,105.34,488.0
238.64,593.99,22.18,58.43,2.5,73.99,459.0
91.32,144.49,19.61,68.73,8.71,81.09,208.0
15.56,33.04,26.59,72.95,6.29,47.4,89.0
48.88,65.99,30.96,65.05,0.11,20.4,71.0
101.09,174.78,30.73,32.21,3.6,56.35,169.0
237.21,546.13,22.29,37.88,8.59,79.38,434.0
39.59,66.44,34.78,33.55,0.37,18.02,63.0
192.06,378.06,26.88,30.49,0.13,22.35,275.0
31.63,58.67,22.99,45.3,2.88,46.82,75.0
245.41,500.57,31.71,49.62,9.15,61.39,491.0
98.5,242.77,29.6,42.05,9.02,65.06,232.0
194.93,248.04,29.99,33.23,5.24,26.5,276.0
88.93,173.08,18.92,56.49,5.58,41.61,165.0
158.78,368.67,24.37,43.67,3.39,46.63,278.0
52.04,95.02,32.24,69.8,2.51,19.47,108.0
40.78,53.09,25.08,30.4,8.17,55.65,96.0
234.83,452.91,28.67,72.13,1.15,20.11,421.0
229.82,375.0,26.76,77.74,4.92,108.48,436.0
222.43,311.72,31.85,65.81,6.38,64.05,401.0
158.23,364.52,20.69,66.68,1.13,55.75,312.0
203.03,381.3,26.51,76.68,5.24,27.71,396.0
21.91,52.88,17.46,40.45,5.82,41.71,55.0
87.02,195.61,28.8,79.73,7.45,42.58,229.0
81.86,171.97,29.64,68.67,2.42,147.93,196.0
160.73,193.93,15.86,66.33,3.0,126.95,248.0
92.21,161.94,28.52,48.05,5.74,12.14,171.0
41.38,60.29,23.29,57.29,9.83,96.36,101.0
151.13,360.31,17.48,62.7,2.25,45.83,318.0
204.52,291.85,23.4,61.02,9.86,24.61,349.0
98.62,155.02,18.88,65.25,7.17,108.78,201.0
37.41,70.02,23.31,34.12,8.28,28.42,80.0
53.19,82.04,22.69,47.78,0.99,72.12,77.0
63.18,93.06,29.77,51.7,3.07,98.5,129.0
78.47,155.29,30.48,43.03,0.67,87.63,152.0
162.48,213.77,27.14,38.63,3.78,146.87,261.0
152.23,194.19,15.45,36.95,9.81,120.0,233.0
175.54,295.59,33.62,48.32,1.14,118.39,298.0
93.81,200.47,28.72,54.67,5.67,59.78,183.0
206.88,397.47,15.68,33.15,0.16,11.18,271.0
55.0,96.24,31.38,77.32,7.16,112.82,165.0
119.91,232.09,19.01,68.26,2.05,149.96,222.0
201.23,337.08,26.58,66.54,1.38,66.82,356.0
49.14,118.77,24.33,38.64,3.44,147.97,109.0
31.92,40.58,23.4,60.19,7.73,29.84,96.0
221.5,459.71,32.79,56.49,1.16,51.51,406.0
89.02,209.96,23.75,79.12,2.38,33.9,198.0
172.55,387.38,16.51,67.38,0.18,76.52,317.0
11.21,16.13,33.93,58.79,9.69,121.58,97.0
174.06,275.84,33.41,72.54,5.96,57.69,368.0
82.44,175.79,28.69,37.75,7.23,136.87,214.0
18.66,24.43,24.36,30.76,6.55,86.28,69.0
154.4,348.25,16.86,64.51,1.53,75.16,287.0
64.0,136.61,30.81,34.92,5.99,120.19,167.0
99.77,214.35,16.51,35.77,1.4,24.2,156.0
24.74,32.92,16.37,67.23,4.07,118.33,81.0
41.05,87.57,25.75,43.53,5.73,44.01,97.0
78.0,162.54,18.2,61.43,5.63,49.31,146.0
26.99,61.55,15.15,75.87,1.28,93.92,59.0
228.15,286.12,23.46,45.82,0.44,136.27,339.0
6.48,7.97,17.74,40.86,8.0,90.98,62.0
123.55,208.16,18.21,35.33,7.29,100.85,204.0
35.2,49.04,16.54,36.52,0.91,118.72,78.0
80.38,154.81,19.1,33.11,1.36,46.31,115.0
231.88,554.8,29.31,34.38,8.94,125.81,465.0
44.62,76.24,31.18,51.6,7.71,68.51,128.0
241.63,555.37,24.05,46.04,9.96,34.59,463.0
55.42,66.52,25.13,65.33,2.61,59.02,100.0
186.68,264.92,15.65,73.51,4.93,44.46,283.0
138.94,172.22,16.39,69.24,2.44,42.02,193.0
221.7,360.61,20.15,56.53,6.27,49.56,349.0
140.73,335.02,25.88,35.12,1.24,35.33,243.0
135.97,180.3,29.79,65.49,1.36,103.48,220.0
52.89,105.16,27.1,48.14,0.81,91.2,95.0
45.73,81.71,22.84,34.28,6.97,100.78,113.0
229.54,555.49,17.37,72.12,4.99,58.12,453.0
85.32,115.97,30.62,46.91,6.22,117.76,178.0
96.16,141.9,22.28,40.91,8.81,28.15,170.0
191.16,236.73,29.72,73.57,7.43,89.96,380.0
88.01,155.26,25.26,75.11,4.67,48.56,188.0
238.26,371.96,29.77,46.95,9.85,83.87,414.0
185.79,433.06,33.15,47.74,4.62,55.31,382.0
151.37,300.69,33.42,58.98,1.21,120.67,318.0
220.82,441.27,25.7,66.67,9.93,134.78,468.0
17.15,32.45,25.23,33.16,0.33,113.96,54.0
67.98,89.69,20.31,59.67,5.54,34.58,129.0
118.93,211.53,33.72,77.64,3.16,48.48,251.0
60.61,151.49,24.16,43.1,5.09,138.71,156.0
187.26,428.03,17.55,75.44,5.63,71.21,395.0
230.21,543.63,23.65,77.51,2.48,141.77,499.0
108.82,247.05,17.54,43.46,5.61,64.94,193.0
88.82,118.49,25.05,67.71,7.59,143.25,198.0
240.58,359.83,26.23,41.94,2.74,139.6,346.0
113.99,137.25,21.76,66.88,3.9,102.47,197.0
124.82,199.03,16.43,69.87,2.76,11.24,210.0
91.15,122.26,33.87,42.36,8.22,66.05,171.0
227.84,413.44,30.47,65.79,7.28,137.57,470.0
144.39,300.38,31.78,70.61,8.72,133.92,370.0
191.73,448.05,22.34,47.93,1.78,36.23,347.0
203.89,443.26,30.22,38.39,0.83,65.89,367.0
88.75,214.8,24.71,34.6,1.28,126.97,155.0
111.26,141.3,19.02,58.77,1.69,90.9,174.0
212.88,258.82,17.49,78.9,5.38,128.62,330.0
94.0,193.61,21.9,71.15,9.71,125.72,233.0
199.51,314.47,17.75,51.79,3.64,137.05,318.0
235.54,360.28,34.97,56.83,9.59,26.41,440.0
157.69,257.05,15.98,43.98,0.48,30.33,217.0
186.7,289.52,23.82,38.15,9.28,21.59,284.0
202.25,377.17,24.04,54.1,1.89,140.94,369.0
212.03,375.77,21.01,53.18,9.13,76.52,378.0
101.79,189.95,26.43,56.1,0.66,19.01,181.0
17.56,36.43,18.0,77.64,9.49,55.01,81.0
103.46,176.22,30.68,60.19,2.09,59.2,207.0
170.07,259.65,21.65,60.29,3.1,123.34,281.0
115.34,163.32,26.83,36.4,4.96,112.97,188.0
188.5,311.83,29.31,79.82,3.87,106.51,385.0
92.46,200.12,32.78,68.64,6.71,13.06,230.0
160.51,350.51,31.72,73.86,9.75,137.5,403.0
50.67,104.74,27.17,50.72,6.1,40.18,145.0
188.6,283.69,22.77,55.11,7.24,98.07,339.0
138.7,272.47,25.06,56.1,0.97,18.65,242.0
55.0,106.8,30.37,39.7,6.32,21.41,127.0
76.52,139.99,32.55,64.47,4.59,11.34,168.0
188.41,360.8,17.08,75.15,8.87,89.23,355.0
123.24,226.67,22.7,38.19,3.94,98.11,211.0
57.93,112.1,30.52,34.32,6.83,17.06,126.0
241.98,515.46,23.63,66.91,2.36,50.67,445.0
180.21,241.93,21.64,43.66,2.67,129.2,259.0
239.5,520.79,23.23,61.19,3.82,24.18,416.0
109.64,150.94,27.06,64.79,3.11,40.32,177.0
121.4,156.19,35.0,46.1,2.61,69.41,210.0
225.0,555.5,24.86,70.76,0.59,127.92,492.0
133.64,326.62,19.17,57.5,8.38,45.68,273.0
178.28,227.95,18.26,73.45,0.74,149.6,280.0
66.78,118.62,15.85,68.16,8.88,59.74,167.0
114.45,165.05,26.18,73.43,1.34,64.1,195.0
35.25,64.53,25.89,31.01,0.75,27.09,64.0
55.47,126.42,19.1,42.18,5.67,105.23,130.0
5.23,12.74,28.91,34.5,5.07,44.09,54.0
14.62,29.6,29.82,52.1,4.96,98.04,59.0
244.43,405.78,20.18,74.5,5.79,41.24,411.0
64.38,127.74,21.88,53.38,2.94,64.3,131.0
167.51,268.96,34.81,72.49,6.66,129.93,369.0
210.58,501.76,22.49,46.36,5.07,113.45,399.0
139.91,326.21,30.22,46.98,3.41,31.64,281.0
42.52,81.88,24.05,74.78,8.28,95.08,132.0
183.39,297.5,30.87,51.29,7.3,98.01,329.0
152.06,240.47,30.38,69.49,4.0,22.68,275.0
184.16,228.99,28.36,41.83,8.49,75.21,290.0
193.59,437.62,32.1,77.44,9.21,46.49,466.0
243.98,435.62,33.78,58.73,5.41,75.4,480.0
145.52,236.14,26.6,67.97,2.23,118.79,280.0
88.7,160.77,19.75,34.48,9.17,32.16,169.0
163.87,371.07,22.97,54.63,1.98,27.26,298.0
21.77,29.65,30.17,75.05,0.58,47.7,45.0
224.86,520.55,28.02,73.85,3.34,143.32,491.0
34.25,81.06,18.56,32.34,7.3,114.7,90.0
85.32,207.39,16.02,45.18,9.24,12.72,171.0
204.86,351.69,28.66,52.17,6.41,66.14,366.0
151.34,224.33,20.02,38.61,9.52,46.04,228.0
